state,state fips,county,county code,commodity,data item,domain category,value
ILLINOIS,17,,,BARLEY,BARLEY - OPERATIONS WITH AREA HARVESTED,,29
ILLINOIS,17,,,BARLEY,BARLEY - ACRES HARVESTED,,665
ILLINOIS,17,,,BARLEY,"BARLEY - PRODUCTION, MEASURED IN BU",,"37,593"
ILLINOIS,17,,,CANOLA,CANOLA - OPERATIONS WITH AREA HARVESTED,,2
ILLINOIS,17,,,CANOLA,CANOLA - ACRES HARVESTED,,(D)
ILLINOIS,17,,,CANOLA,"CANOLA - PRODUCTION, MEASURED IN LB",,(D)
ILLINOIS,17,,,CORN,"CORN, GRAIN - OPERATIONS WITH AREA HARVESTED",,"34,792"
ILLINOIS,17,,,CORN,"CORN, GRAIN - OPERATIONS WITH AREA HARVESTED",AREA HARVESTED: (1.0 TO 14.9 ACRES),"2,755"
ILLINOIS,17,,,CORN,"CORN, GRAIN - OPERATIONS WITH AREA HARVESTED",AREA HARVESTED: (15.0 TO 24.9 ACRES),"1,821"
ILLINOIS,17,,,CORN,"CORN, GRAIN - OPERATIONS WITH AREA HARVESTED",AREA HARVESTED: (25.0 TO 49.9 ACRES),"3,871"
ILLINOIS,17,,,CORN,"CORN, GRAIN - OPERATIONS WITH AREA HARVESTED",AREA HARVESTED: (50.0 TO 99.9 ACRES),"5,603"
ILLINOIS,17,,,CORN,"CORN, GRAIN - OPERATIONS WITH AREA HARVESTED",AREA HARVESTED: (100 TO 249 ACRES),"7,992"
ILLINOIS,17,,,CORN,"CORN, GRAIN - OPERATIONS WITH AREA HARVESTED",AREA HARVESTED: (250 TO 499 ACRES),"5,941"
ILLINOIS,17,,,CORN,"CORN, GRAIN - OPERATIONS WITH AREA HARVESTED",AREA HARVESTED: (500 TO 999 ACRES),"4,418"
ILLINOIS,17,,,CORN,"CORN, GRAIN - OPERATIONS WITH AREA HARVESTED","AREA HARVESTED: (1,000 OR MORE ACRES)","2,391"
ILLINOIS,17,,,CORN,"CORN, GRAIN - OPERATIONS WITH AREA HARVESTED","AREA HARVESTED: (1,000 TO 1,999 ACRES)","1,901"
ILLINOIS,17,,,CORN,"CORN, GRAIN - OPERATIONS WITH AREA HARVESTED","AREA HARVESTED: (2,000 TO 2,999 ACRES)",319
ILLINOIS,17,,,CORN,"CORN, GRAIN - OPERATIONS WITH AREA HARVESTED","AREA HARVESTED: (3,000 TO 4,999 ACRES)",122
ILLINOIS,17,,,CORN,"CORN, GRAIN - OPERATIONS WITH AREA HARVESTED","AREA HARVESTED: (5,000 OR MORE ACRES)",49
ILLINOIS,17,,,CORN,"CORN, GRAIN - ACRES HARVESTED",,"11,080,510"
ILLINOIS,17,,,CORN,"CORN, GRAIN - ACRES HARVESTED",AREA HARVESTED: (1.0 TO 14.9 ACRES),"20,858"
ILLINOIS,17,,,CORN,"CORN, GRAIN - ACRES HARVESTED",AREA HARVESTED: (15.0 TO 24.9 ACRES),"34,694"
ILLINOIS,17,,,CORN,"CORN, GRAIN - ACRES HARVESTED",AREA HARVESTED: (25.0 TO 49.9 ACRES),"140,232"
ILLINOIS,17,,,CORN,"CORN, GRAIN - ACRES HARVESTED",AREA HARVESTED: (50.0 TO 99.9 ACRES),"400,310"
ILLINOIS,17,,,CORN,"CORN, GRAIN - ACRES HARVESTED",AREA HARVESTED: (100 TO 249 ACRES),"1,299,331"
ILLINOIS,17,,,CORN,"CORN, GRAIN - ACRES HARVESTED",AREA HARVESTED: (250 TO 499 ACRES),"2,102,320"
ILLINOIS,17,,,CORN,"CORN, GRAIN - ACRES HARVESTED",AREA HARVESTED: (500 TO 999 ACRES),"3,037,251"
ILLINOIS,17,,,CORN,"CORN, GRAIN - ACRES HARVESTED","AREA HARVESTED: (1,000 OR MORE ACRES)","4,045,514"
ILLINOIS,17,,,CORN,"CORN, GRAIN - ACRES HARVESTED","AREA HARVESTED: (1,000 TO 1,999 ACRES)","2,477,741"
ILLINOIS,17,,,CORN,"CORN, GRAIN - ACRES HARVESTED","AREA HARVESTED: (2,000 TO 2,999 ACRES)","750,704"
ILLINOIS,17,,,CORN,"CORN, GRAIN - ACRES HARVESTED","AREA HARVESTED: (3,000 TO 4,999 ACRES)","438,854"
ILLINOIS,17,,,CORN,"CORN, GRAIN - ACRES HARVESTED","AREA HARVESTED: (5,000 OR MORE ACRES)","378,215"
ILLINOIS,17,,,CORN,"CORN, GRAIN - PRODUCTION, MEASURED IN BU",,"2,187,782,071"
ILLINOIS,17,,,CORN,"CORN, GRAIN - PRODUCTION, MEASURED IN BU",AREA HARVESTED: (1.0 TO 14.9 ACRES),"2,949,047"
ILLINOIS,17,,,CORN,"CORN, GRAIN - PRODUCTION, MEASURED IN BU",AREA HARVESTED: (15.0 TO 24.9 ACRES),"5,096,753"
ILLINOIS,17,,,CORN,"CORN, GRAIN - PRODUCTION, MEASURED IN BU",AREA HARVESTED: (25.0 TO 49.9 ACRES),"23,368,089"
ILLINOIS,17,,,CORN,"CORN, GRAIN - PRODUCTION, MEASURED IN BU",AREA HARVESTED: (50.0 TO 99.9 ACRES),"71,073,300"
ILLINOIS,17,,,CORN,"CORN, GRAIN - PRODUCTION, MEASURED IN BU",AREA HARVESTED: (100 TO 249 ACRES),"242,051,110"
ILLINOIS,17,,,CORN,"CORN, GRAIN - PRODUCTION, MEASURED IN BU",AREA HARVESTED: (250 TO 499 ACRES),"404,589,251"
ILLINOIS,17,,,CORN,"CORN, GRAIN - PRODUCTION, MEASURED IN BU",AREA HARVESTED: (500 TO 999 ACRES),"598,220,427"
ILLINOIS,17,,,CORN,"CORN, GRAIN - PRODUCTION, MEASURED IN BU","AREA HARVESTED: (1,000 OR MORE ACRES)","840,434,094"
ILLINOIS,17,,,CORN,"CORN, GRAIN - PRODUCTION, MEASURED IN BU","AREA HARVESTED: (1,000 TO 1,999 ACRES)","509,178,901"
ILLINOIS,17,,,CORN,"CORN, GRAIN - PRODUCTION, MEASURED IN BU","AREA HARVESTED: (2,000 TO 2,999 ACRES)","158,629,983"
ILLINOIS,17,,,CORN,"CORN, GRAIN - PRODUCTION, MEASURED IN BU","AREA HARVESTED: (3,000 TO 4,999 ACRES)","89,991,481"
ILLINOIS,17,,,CORN,"CORN, GRAIN - PRODUCTION, MEASURED IN BU","AREA HARVESTED: (5,000 OR MORE ACRES)","82,633,729"
ILLINOIS,17,,,CORN,"CORN, GRAIN, IRRIGATED - OPERATIONS WITH AREA HARVESTED",,"1,157"
ILLINOIS,17,,,CORN,"CORN, GRAIN, IRRIGATED - OPERATIONS WITH AREA HARVESTED",AREA HARVESTED: (1.0 TO 14.9 ACRES),19
ILLINOIS,17,,,CORN,"CORN, GRAIN, IRRIGATED - OPERATIONS WITH AREA HARVESTED",AREA HARVESTED: (15.0 TO 24.9 ACRES),13
ILLINOIS,17,,,CORN,"CORN, GRAIN, IRRIGATED - OPERATIONS WITH AREA HARVESTED",AREA HARVESTED: (25.0 TO 49.9 ACRES),30
ILLINOIS,17,,,CORN,"CORN, GRAIN, IRRIGATED - OPERATIONS WITH AREA HARVESTED",AREA HARVESTED: (50.0 TO 99.9 ACRES),83
ILLINOIS,17,,,CORN,"CORN, GRAIN, IRRIGATED - OPERATIONS WITH AREA HARVESTED",AREA HARVESTED: (100 TO 249 ACRES),209
ILLINOIS,17,,,CORN,"CORN, GRAIN, IRRIGATED - OPERATIONS WITH AREA HARVESTED",AREA HARVESTED: (250 TO 499 ACRES),231
ILLINOIS,17,,,CORN,"CORN, GRAIN, IRRIGATED - OPERATIONS WITH AREA HARVESTED",AREA HARVESTED: (500 TO 999 ACRES),246
ILLINOIS,17,,,CORN,"CORN, GRAIN, IRRIGATED - OPERATIONS WITH AREA HARVESTED","AREA HARVESTED: (1,000 OR MORE ACRES)",326
ILLINOIS,17,,,CORN,"CORN, GRAIN, IRRIGATED - OPERATIONS WITH AREA HARVESTED","AREA HARVESTED: (1,000 TO 1,999 ACRES)",226
ILLINOIS,17,,,CORN,"CORN, GRAIN, IRRIGATED - OPERATIONS WITH AREA HARVESTED","AREA HARVESTED: (2,000 TO 2,999 ACRES)",58
ILLINOIS,17,,,CORN,"CORN, GRAIN, IRRIGATED - OPERATIONS WITH AREA HARVESTED","AREA HARVESTED: (3,000 TO 4,999 ACRES)",25
ILLINOIS,17,,,CORN,"CORN, GRAIN, IRRIGATED - OPERATIONS WITH AREA HARVESTED","AREA HARVESTED: (5,000 OR MORE ACRES)",17
ILLINOIS,17,,,CORN,"CORN, GRAIN, IRRIGATED - ACRES HARVESTED",,"362,903"
ILLINOIS,17,,,CORN,"CORN, GRAIN, IRRIGATED - ACRES HARVESTED",AREA HARVESTED: (1.0 TO 14.9 ACRES),106
ILLINOIS,17,,,CORN,"CORN, GRAIN, IRRIGATED - ACRES HARVESTED",AREA HARVESTED: (15.0 TO 24.9 ACRES),216
ILLINOIS,17,,,CORN,"CORN, GRAIN, IRRIGATED - ACRES HARVESTED",AREA HARVESTED: (25.0 TO 49.9 ACRES),906
ILLINOIS,17,,,CORN,"CORN, GRAIN, IRRIGATED - ACRES HARVESTED",AREA HARVESTED: (50.0 TO 99.9 ACRES),"4,825"
ILLINOIS,17,,,CORN,"CORN, GRAIN, IRRIGATED - ACRES HARVESTED",AREA HARVESTED: (100 TO 249 ACRES),"21,988"
ILLINOIS,17,,,CORN,"CORN, GRAIN, IRRIGATED - ACRES HARVESTED",AREA HARVESTED: (250 TO 499 ACRES),"41,238"
ILLINOIS,17,,,CORN,"CORN, GRAIN, IRRIGATED - ACRES HARVESTED",AREA HARVESTED: (500 TO 999 ACRES),"73,178"
ILLINOIS,17,,,CORN,"CORN, GRAIN, IRRIGATED - ACRES HARVESTED","AREA HARVESTED: (1,000 OR MORE ACRES)","220,446"
ILLINOIS,17,,,CORN,"CORN, GRAIN, IRRIGATED - ACRES HARVESTED","AREA HARVESTED: (1,000 TO 1,999 ACRES)","113,570"
ILLINOIS,17,,,CORN,"CORN, GRAIN, IRRIGATED - ACRES HARVESTED","AREA HARVESTED: (2,000 TO 2,999 ACRES)","44,968"
ILLINOIS,17,,,CORN,"CORN, GRAIN, IRRIGATED - ACRES HARVESTED","AREA HARVESTED: (3,000 TO 4,999 ACRES)","26,147"
ILLINOIS,17,,,CORN,"CORN, GRAIN, IRRIGATED - ACRES HARVESTED","AREA HARVESTED: (5,000 OR MORE ACRES)","35,761"
ILLINOIS,17,,,CORN,"CORN, SILAGE - OPERATIONS WITH AREA HARVESTED",,"1,704"
ILLINOIS,17,,,CORN,"CORN, SILAGE - OPERATIONS WITH AREA HARVESTED",AREA HARVESTED: (1.0 TO 14.9 ACRES),543
ILLINOIS,17,,,CORN,"CORN, SILAGE - OPERATIONS WITH AREA HARVESTED",AREA HARVESTED: (15.0 TO 24.9 ACRES),348
ILLINOIS,17,,,CORN,"CORN, SILAGE - OPERATIONS WITH AREA HARVESTED",AREA HARVESTED: (25.0 TO 49.9 ACRES),351
ILLINOIS,17,,,CORN,"CORN, SILAGE - OPERATIONS WITH AREA HARVESTED",AREA HARVESTED: (50.0 TO 99.9 ACRES),227
ILLINOIS,17,,,CORN,"CORN, SILAGE - OPERATIONS WITH AREA HARVESTED",AREA HARVESTED: (100 TO 249 ACRES),170
ILLINOIS,17,,,CORN,"CORN, SILAGE - OPERATIONS WITH AREA HARVESTED",AREA HARVESTED: (250 TO 499 ACRES),41
ILLINOIS,17,,,CORN,"CORN, SILAGE - OPERATIONS WITH AREA HARVESTED",AREA HARVESTED: (500 TO 999 ACRES),15
ILLINOIS,17,,,CORN,"CORN, SILAGE - OPERATIONS WITH AREA HARVESTED","AREA HARVESTED: (1,000 OR MORE ACRES)",9
ILLINOIS,17,,,CORN,"CORN, SILAGE - ACRES HARVESTED",,"97,076"
ILLINOIS,17,,,CORN,"CORN, SILAGE - ACRES HARVESTED",AREA HARVESTED: (1.0 TO 14.9 ACRES),"4,576"
ILLINOIS,17,,,CORN,"CORN, SILAGE - ACRES HARVESTED",AREA HARVESTED: (15.0 TO 24.9 ACRES),"6,608"
ILLINOIS,17,,,CORN,"CORN, SILAGE - ACRES HARVESTED",AREA HARVESTED: (25.0 TO 49.9 ACRES),"11,899"
ILLINOIS,17,,,CORN,"CORN, SILAGE - ACRES HARVESTED",AREA HARVESTED: (50.0 TO 99.9 ACRES),"15,439"
ILLINOIS,17,,,CORN,"CORN, SILAGE - ACRES HARVESTED",AREA HARVESTED: (100 TO 249 ACRES),"23,616"
ILLINOIS,17,,,CORN,"CORN, SILAGE - ACRES HARVESTED",AREA HARVESTED: (250 TO 499 ACRES),"13,497"
ILLINOIS,17,,,CORN,"CORN, SILAGE - ACRES HARVESTED",AREA HARVESTED: (500 TO 999 ACRES),"9,566"
ILLINOIS,17,,,CORN,"CORN, SILAGE - ACRES HARVESTED","AREA HARVESTED: (1,000 OR MORE ACRES)","11,875"
ILLINOIS,17,,,CORN,"CORN, SILAGE - PRODUCTION, MEASURED IN TONS",,"1,915,681"
ILLINOIS,17,,,CORN,"CORN, SILAGE - PRODUCTION, MEASURED IN TONS",AREA HARVESTED: (1.0 TO 14.9 ACRES),"88,742"
ILLINOIS,17,,,CORN,"CORN, SILAGE - PRODUCTION, MEASURED IN TONS",AREA HARVESTED: (15.0 TO 24.9 ACRES),"121,150"
ILLINOIS,17,,,CORN,"CORN, SILAGE - PRODUCTION, MEASURED IN TONS",AREA HARVESTED: (25.0 TO 49.9 ACRES),"221,374"
ILLINOIS,17,,,CORN,"CORN, SILAGE - PRODUCTION, MEASURED IN TONS",AREA HARVESTED: (50.0 TO 99.9 ACRES),"299,381"
ILLINOIS,17,,,CORN,"CORN, SILAGE - PRODUCTION, MEASURED IN TONS",AREA HARVESTED: (100 TO 249 ACRES),"485,356"
ILLINOIS,17,,,CORN,"CORN, SILAGE - PRODUCTION, MEASURED IN TONS",AREA HARVESTED: (250 TO 499 ACRES),"261,167"
ILLINOIS,17,,,CORN,"CORN, SILAGE - PRODUCTION, MEASURED IN TONS",AREA HARVESTED: (500 TO 999 ACRES),"182,187"
ILLINOIS,17,,,CORN,"CORN, SILAGE - PRODUCTION, MEASURED IN TONS","AREA HARVESTED: (1,000 OR MORE ACRES)","256,324"
ILLINOIS,17,,,CORN,"CORN, SILAGE, IRRIGATED - OPERATIONS WITH AREA HARVESTED",,11
ILLINOIS,17,,,CORN,"CORN, SILAGE, IRRIGATED - OPERATIONS WITH AREA HARVESTED",AREA HARVESTED: (1.0 TO 14.9 ACRES),1
ILLINOIS,17,,,CORN,"CORN, SILAGE, IRRIGATED - OPERATIONS WITH AREA HARVESTED",AREA HARVESTED: (15.0 TO 24.9 ACRES),2
ILLINOIS,17,,,CORN,"CORN, SILAGE, IRRIGATED - OPERATIONS WITH AREA HARVESTED",AREA HARVESTED: (25.0 TO 49.9 ACRES),3
ILLINOIS,17,,,CORN,"CORN, SILAGE, IRRIGATED - OPERATIONS WITH AREA HARVESTED",AREA HARVESTED: (50.0 TO 99.9 ACRES),1
ILLINOIS,17,,,CORN,"CORN, SILAGE, IRRIGATED - OPERATIONS WITH AREA HARVESTED",AREA HARVESTED: (100 TO 249 ACRES),1
ILLINOIS,17,,,CORN,"CORN, SILAGE, IRRIGATED - OPERATIONS WITH AREA HARVESTED","AREA HARVESTED: (1,000 OR MORE ACRES)",3
ILLINOIS,17,,,CORN,"CORN, SILAGE, IRRIGATED - ACRES HARVESTED",,803
ILLINOIS,17,,,CORN,"CORN, SILAGE, IRRIGATED - ACRES HARVESTED",AREA HARVESTED: (1.0 TO 14.9 ACRES),(D)
ILLINOIS,17,,,CORN,"CORN, SILAGE, IRRIGATED - ACRES HARVESTED",AREA HARVESTED: (15.0 TO 24.9 ACRES),(D)
ILLINOIS,17,,,CORN,"CORN, SILAGE, IRRIGATED - ACRES HARVESTED",AREA HARVESTED: (25.0 TO 49.9 ACRES),40
ILLINOIS,17,,,CORN,"CORN, SILAGE, IRRIGATED - ACRES HARVESTED",AREA HARVESTED: (50.0 TO 99.9 ACRES),(D)
ILLINOIS,17,,,CORN,"CORN, SILAGE, IRRIGATED - ACRES HARVESTED",AREA HARVESTED: (100 TO 249 ACRES),(D)
ILLINOIS,17,,,CORN,"CORN, SILAGE, IRRIGATED - ACRES HARVESTED","AREA HARVESTED: (1,000 OR MORE ACRES)",600
ILLINOIS,17,,,BEANS,"BEANS, DRY EDIBLE, (EXCL CHICKPEAS & LIMA) - OPERATIONS WITH AREA HARVESTED",,9
ILLINOIS,17,,,BEANS,"BEANS, DRY EDIBLE, (EXCL CHICKPEAS & LIMA) - ACRES HARVESTED",,300
ILLINOIS,17,,,BEANS,"BEANS, DRY EDIBLE, (EXCL CHICKPEAS & LIMA) - PRODUCTION, MEASURED IN CWT",,"8,881"
ILLINOIS,17,,,PEAS,"PEAS, DRY EDIBLE - OPERATIONS WITH AREA HARVESTED",,10
ILLINOIS,17,,,PEAS,"PEAS, DRY EDIBLE - ACRES HARVESTED",,694
ILLINOIS,17,,,PEAS,"PEAS, DRY EDIBLE - PRODUCTION, MEASURED IN CWT",,"28,989"
ILLINOIS,17,,,HOPS,HOPS - OPERATIONS WITH AREA HARVESTED,,8
ILLINOIS,17,,,HOPS,HOPS - ACRES HARVESTED,,38
ILLINOIS,17,,,HOPS,"HOPS - PRODUCTION, MEASURED IN LB",,"20,433"
ILLINOIS,17,,,HOPS,"HOPS, IRRIGATED - OPERATIONS WITH AREA HARVESTED",,4
ILLINOIS,17,,,HOPS,"HOPS, IRRIGATED - ACRES HARVESTED",,34
ILLINOIS,17,,,MINT,"MINT, OIL - OPERATIONS WITH AREA HARVESTED",,2
ILLINOIS,17,,,MINT,"MINT, OIL - ACRES HARVESTED",,(D)
ILLINOIS,17,,,MINT,"MINT, OIL - PRODUCTION, MEASURED IN LB",,(D)
ILLINOIS,17,,,OATS,OATS - OPERATIONS WITH AREA HARVESTED,,507
ILLINOIS,17,,,OATS,OATS - OPERATIONS WITH AREA HARVESTED,AREA HARVESTED: (1.0 TO 14.9 ACRES),251
ILLINOIS,17,,,OATS,OATS - OPERATIONS WITH AREA HARVESTED,AREA HARVESTED: (15.0 TO 24.9 ACRES),114
ILLINOIS,17,,,OATS,OATS - OPERATIONS WITH AREA HARVESTED,AREA HARVESTED: (25.0 TO 49.9 ACRES),82
ILLINOIS,17,,,OATS,OATS - OPERATIONS WITH AREA HARVESTED,AREA HARVESTED: (50.0 TO 99.9 ACRES),31
ILLINOIS,17,,,OATS,OATS - OPERATIONS WITH AREA HARVESTED,AREA HARVESTED: (100 TO 249 ACRES),25
ILLINOIS,17,,,OATS,OATS - OPERATIONS WITH AREA HARVESTED,AREA HARVESTED: (500 TO 999 ACRES),4
ILLINOIS,17,,,OATS,OATS - ACRES HARVESTED,,"15,447"
ILLINOIS,17,,,OATS,OATS - ACRES HARVESTED,AREA HARVESTED: (1.0 TO 14.9 ACRES),"2,023"
ILLINOIS,17,,,OATS,OATS - ACRES HARVESTED,AREA HARVESTED: (15.0 TO 24.9 ACRES),"2,118"
ILLINOIS,17,,,OATS,OATS - ACRES HARVESTED,AREA HARVESTED: (25.0 TO 49.9 ACRES),"2,603"
ILLINOIS,17,,,OATS,OATS - ACRES HARVESTED,AREA HARVESTED: (50.0 TO 99.9 ACRES),"1,912"
ILLINOIS,17,,,OATS,OATS - ACRES HARVESTED,AREA HARVESTED: (100 TO 249 ACRES),"3,716"
ILLINOIS,17,,,OATS,OATS - ACRES HARVESTED,AREA HARVESTED: (500 TO 999 ACRES),"3,075"
ILLINOIS,17,,,OATS,"OATS - PRODUCTION, MEASURED IN BU",,"1,258,247"
ILLINOIS,17,,,OATS,"OATS - PRODUCTION, MEASURED IN BU",AREA HARVESTED: (1.0 TO 14.9 ACRES),"138,338"
ILLINOIS,17,,,OATS,"OATS - PRODUCTION, MEASURED IN BU",AREA HARVESTED: (15.0 TO 24.9 ACRES),"153,805"
ILLINOIS,17,,,OATS,"OATS - PRODUCTION, MEASURED IN BU",AREA HARVESTED: (25.0 TO 49.9 ACRES),"179,435"
ILLINOIS,17,,,OATS,"OATS - PRODUCTION, MEASURED IN BU",AREA HARVESTED: (50.0 TO 99.9 ACRES),"133,113"
ILLINOIS,17,,,OATS,"OATS - PRODUCTION, MEASURED IN BU",AREA HARVESTED: (100 TO 249 ACRES),"349,556"
ILLINOIS,17,,,OATS,"OATS - PRODUCTION, MEASURED IN BU",AREA HARVESTED: (500 TO 999 ACRES),"304,000"
ILLINOIS,17,,,OATS,"OATS, IRRIGATED - OPERATIONS WITH AREA HARVESTED",,1
ILLINOIS,17,,,OATS,"OATS, IRRIGATED - OPERATIONS WITH AREA HARVESTED",AREA HARVESTED: (25.0 TO 49.9 ACRES),1
ILLINOIS,17,,,OATS,"OATS, IRRIGATED - ACRES HARVESTED",,(D)
ILLINOIS,17,,,OATS,"OATS, IRRIGATED - ACRES HARVESTED",AREA HARVESTED: (25.0 TO 49.9 ACRES),(D)
ILLINOIS,17,,,POPCORN,"POPCORN, SHELLED - OPERATIONS WITH AREA HARVESTED",,115
ILLINOIS,17,,,POPCORN,"POPCORN, SHELLED - OPERATIONS WITH AREA HARVESTED",AREA HARVESTED: (1.0 TO 14.9 ACRES),29
ILLINOIS,17,,,POPCORN,"POPCORN, SHELLED - OPERATIONS WITH AREA HARVESTED",AREA HARVESTED: (15.0 TO 24.9 ACRES),5
ILLINOIS,17,,,POPCORN,"POPCORN, SHELLED - OPERATIONS WITH AREA HARVESTED",AREA HARVESTED: (25.0 TO 49.9 ACRES),9
ILLINOIS,17,,,POPCORN,"POPCORN, SHELLED - OPERATIONS WITH AREA HARVESTED",AREA HARVESTED: (50.0 TO 99.9 ACRES),20
ILLINOIS,17,,,POPCORN,"POPCORN, SHELLED - OPERATIONS WITH AREA HARVESTED",AREA HARVESTED: (100 TO 249 ACRES),28
ILLINOIS,17,,,POPCORN,"POPCORN, SHELLED - OPERATIONS WITH AREA HARVESTED",AREA HARVESTED: (250 TO 499 ACRES),16
ILLINOIS,17,,,POPCORN,"POPCORN, SHELLED - OPERATIONS WITH AREA HARVESTED",AREA HARVESTED: (500 TO 999 ACRES),5
ILLINOIS,17,,,POPCORN,"POPCORN, SHELLED - OPERATIONS WITH AREA HARVESTED","AREA HARVESTED: (1,000 OR MORE ACRES)",3
ILLINOIS,17,,,POPCORN,"POPCORN, SHELLED - ACRES HARVESTED",,"21,694"
ILLINOIS,17,,,POPCORN,"POPCORN, SHELLED - ACRES HARVESTED",AREA HARVESTED: (1.0 TO 14.9 ACRES),38
ILLINOIS,17,,,POPCORN,"POPCORN, SHELLED - ACRES HARVESTED",AREA HARVESTED: (15.0 TO 24.9 ACRES),97
ILLINOIS,17,,,POPCORN,"POPCORN, SHELLED - ACRES HARVESTED",AREA HARVESTED: (25.0 TO 49.9 ACRES),309
ILLINOIS,17,,,POPCORN,"POPCORN, SHELLED - ACRES HARVESTED",AREA HARVESTED: (50.0 TO 99.9 ACRES),"1,396"
ILLINOIS,17,,,POPCORN,"POPCORN, SHELLED - ACRES HARVESTED",AREA HARVESTED: (100 TO 249 ACRES),"4,207"
ILLINOIS,17,,,POPCORN,"POPCORN, SHELLED - ACRES HARVESTED",AREA HARVESTED: (250 TO 499 ACRES),"5,890"
ILLINOIS,17,,,POPCORN,"POPCORN, SHELLED - ACRES HARVESTED",AREA HARVESTED: (500 TO 999 ACRES),"3,558"
ILLINOIS,17,,,POPCORN,"POPCORN, SHELLED - ACRES HARVESTED","AREA HARVESTED: (1,000 OR MORE ACRES)","6,199"
ILLINOIS,17,,,POPCORN,"POPCORN, SHELLED - PRODUCTION, MEASURED IN LB",,"93,287,371"
ILLINOIS,17,,,POPCORN,"POPCORN, SHELLED - PRODUCTION, MEASURED IN LB",AREA HARVESTED: (1.0 TO 14.9 ACRES),"91,801"
ILLINOIS,17,,,POPCORN,"POPCORN, SHELLED - PRODUCTION, MEASURED IN LB",AREA HARVESTED: (15.0 TO 24.9 ACRES),(D)
ILLINOIS,17,,,POPCORN,"POPCORN, SHELLED - PRODUCTION, MEASURED IN LB",AREA HARVESTED: (25.0 TO 49.9 ACRES),"1,544,640"
ILLINOIS,17,,,POPCORN,"POPCORN, SHELLED - PRODUCTION, MEASURED IN LB",AREA HARVESTED: (50.0 TO 99.9 ACRES),"6,982,902"
ILLINOIS,17,,,POPCORN,"POPCORN, SHELLED - PRODUCTION, MEASURED IN LB",AREA HARVESTED: (100 TO 249 ACRES),"20,812,542"
ILLINOIS,17,,,POPCORN,"POPCORN, SHELLED - PRODUCTION, MEASURED IN LB",AREA HARVESTED: (250 TO 499 ACRES),"29,169,480"
ILLINOIS,17,,,POPCORN,"POPCORN, SHELLED - PRODUCTION, MEASURED IN LB",AREA HARVESTED: (500 TO 999 ACRES),"20,688,644"
ILLINOIS,17,,,POPCORN,"POPCORN, SHELLED - PRODUCTION, MEASURED IN LB","AREA HARVESTED: (1,000 OR MORE ACRES)",(D)
ILLINOIS,17,,,POPCORN,"POPCORN, IRRIGATED, SHELLED - OPERATIONS WITH AREA HARVESTED",,64
ILLINOIS,17,,,POPCORN,"POPCORN, IRRIGATED, SHELLED - OPERATIONS WITH AREA HARVESTED",AREA HARVESTED: (1.0 TO 14.9 ACRES),1
ILLINOIS,17,,,POPCORN,"POPCORN, IRRIGATED, SHELLED - OPERATIONS WITH AREA HARVESTED",AREA HARVESTED: (15.0 TO 24.9 ACRES),3
ILLINOIS,17,,,POPCORN,"POPCORN, IRRIGATED, SHELLED - OPERATIONS WITH AREA HARVESTED",AREA HARVESTED: (25.0 TO 49.9 ACRES),5
ILLINOIS,17,,,POPCORN,"POPCORN, IRRIGATED, SHELLED - OPERATIONS WITH AREA HARVESTED",AREA HARVESTED: (50.0 TO 99.9 ACRES),14
ILLINOIS,17,,,POPCORN,"POPCORN, IRRIGATED, SHELLED - OPERATIONS WITH AREA HARVESTED",AREA HARVESTED: (100 TO 249 ACRES),19
ILLINOIS,17,,,POPCORN,"POPCORN, IRRIGATED, SHELLED - OPERATIONS WITH AREA HARVESTED",AREA HARVESTED: (250 TO 499 ACRES),15
ILLINOIS,17,,,POPCORN,"POPCORN, IRRIGATED, SHELLED - OPERATIONS WITH AREA HARVESTED",AREA HARVESTED: (500 TO 999 ACRES),4
ILLINOIS,17,,,POPCORN,"POPCORN, IRRIGATED, SHELLED - OPERATIONS WITH AREA HARVESTED","AREA HARVESTED: (1,000 OR MORE ACRES)",3
ILLINOIS,17,,,POPCORN,"POPCORN, IRRIGATED, SHELLED - ACRES HARVESTED",,"17,403"
ILLINOIS,17,,,POPCORN,"POPCORN, IRRIGATED, SHELLED - ACRES HARVESTED",AREA HARVESTED: (1.0 TO 14.9 ACRES),(D)
ILLINOIS,17,,,POPCORN,"POPCORN, IRRIGATED, SHELLED - ACRES HARVESTED",AREA HARVESTED: (15.0 TO 24.9 ACRES),(D)
ILLINOIS,17,,,POPCORN,"POPCORN, IRRIGATED, SHELLED - ACRES HARVESTED",AREA HARVESTED: (25.0 TO 49.9 ACRES),184
ILLINOIS,17,,,POPCORN,"POPCORN, IRRIGATED, SHELLED - ACRES HARVESTED",AREA HARVESTED: (50.0 TO 99.9 ACRES),971
ILLINOIS,17,,,POPCORN,"POPCORN, IRRIGATED, SHELLED - ACRES HARVESTED",AREA HARVESTED: (100 TO 249 ACRES),"2,647"
ILLINOIS,17,,,POPCORN,"POPCORN, IRRIGATED, SHELLED - ACRES HARVESTED",AREA HARVESTED: (250 TO 499 ACRES),(D)
ILLINOIS,17,,,POPCORN,"POPCORN, IRRIGATED, SHELLED - ACRES HARVESTED",AREA HARVESTED: (500 TO 999 ACRES),(D)
ILLINOIS,17,,,POPCORN,"POPCORN, IRRIGATED, SHELLED - ACRES HARVESTED","AREA HARVESTED: (1,000 OR MORE ACRES)",(D)
ILLINOIS,17,,,MILLET,"MILLET, PROSO - OPERATIONS WITH AREA HARVESTED",,3
ILLINOIS,17,,,MILLET,"MILLET, PROSO - ACRES HARVESTED",,(D)
ILLINOIS,17,,,MILLET,"MILLET, PROSO - PRODUCTION, MEASURED IN BU",,876
ILLINOIS,17,,,MILLET,"MILLET, PROSO, IRRIGATED - OPERATIONS WITH AREA HARVESTED",,1
ILLINOIS,17,,,MILLET,"MILLET, PROSO, IRRIGATED - ACRES HARVESTED",,(D)
ILLINOIS,17,,,RICE,RICE - OPERATIONS WITH AREA HARVESTED,,1
ILLINOIS,17,,,RICE,RICE - ACRES HARVESTED,,(D)
ILLINOIS,17,,,RICE,"RICE - PRODUCTION, MEASURED IN CWT",,(D)
ILLINOIS,17,,,RICE,"RICE, IRRIGATED - OPERATIONS WITH AREA HARVESTED",,1
ILLINOIS,17,,,RICE,"RICE, IRRIGATED - ACRES HARVESTED",,(D)
ILLINOIS,17,,,RYE,RYE - OPERATIONS WITH AREA HARVESTED,,208
ILLINOIS,17,,,RYE,RYE - ACRES HARVESTED,,"6,993"
ILLINOIS,17,,,RYE,"RYE - PRODUCTION, MEASURED IN BU",,"279,799"
ILLINOIS,17,,,RYE,"RYE, IRRIGATED - OPERATIONS WITH AREA HARVESTED",,1
ILLINOIS,17,,,RYE,"RYE, IRRIGATED - ACRES HARVESTED",,(D)
ILLINOIS,17,,,SORGHUM,"SORGHUM, GRAIN - OPERATIONS WITH AREA HARVESTED",,156
ILLINOIS,17,,,SORGHUM,"SORGHUM, GRAIN - OPERATIONS WITH AREA HARVESTED",AREA HARVESTED: (1.0 TO 14.9 ACRES),28
ILLINOIS,17,,,SORGHUM,"SORGHUM, GRAIN - OPERATIONS WITH AREA HARVESTED",AREA HARVESTED: (15.0 TO 24.9 ACRES),25
ILLINOIS,17,,,SORGHUM,"SORGHUM, GRAIN - OPERATIONS WITH AREA HARVESTED",AREA HARVESTED: (25.0 TO 49.9 ACRES),32
ILLINOIS,17,,,SORGHUM,"SORGHUM, GRAIN - OPERATIONS WITH AREA HARVESTED",AREA HARVESTED: (50.0 TO 99.9 ACRES),29
ILLINOIS,17,,,SORGHUM,"SORGHUM, GRAIN - OPERATIONS WITH AREA HARVESTED",AREA HARVESTED: (100 TO 249 ACRES),32
ILLINOIS,17,,,SORGHUM,"SORGHUM, GRAIN - OPERATIONS WITH AREA HARVESTED",AREA HARVESTED: (250 TO 499 ACRES),8
ILLINOIS,17,,,SORGHUM,"SORGHUM, GRAIN - OPERATIONS WITH AREA HARVESTED",AREA HARVESTED: (500 TO 999 ACRES),2
ILLINOIS,17,,,SORGHUM,"SORGHUM, GRAIN - ACRES HARVESTED",,"12,736"
ILLINOIS,17,,,SORGHUM,"SORGHUM, GRAIN - ACRES HARVESTED",AREA HARVESTED: (1.0 TO 14.9 ACRES),(D)
ILLINOIS,17,,,SORGHUM,"SORGHUM, GRAIN - ACRES HARVESTED",AREA HARVESTED: (15.0 TO 24.9 ACRES),504
ILLINOIS,17,,,SORGHUM,"SORGHUM, GRAIN - ACRES HARVESTED",AREA HARVESTED: (25.0 TO 49.9 ACRES),"1,143"
ILLINOIS,17,,,SORGHUM,"SORGHUM, GRAIN - ACRES HARVESTED",AREA HARVESTED: (50.0 TO 99.9 ACRES),"1,917"
ILLINOIS,17,,,SORGHUM,"SORGHUM, GRAIN - ACRES HARVESTED",AREA HARVESTED: (100 TO 249 ACRES),"4,994"
ILLINOIS,17,,,SORGHUM,"SORGHUM, GRAIN - ACRES HARVESTED",AREA HARVESTED: (250 TO 499 ACRES),"2,903"
ILLINOIS,17,,,SORGHUM,"SORGHUM, GRAIN - ACRES HARVESTED",AREA HARVESTED: (500 TO 999 ACRES),(D)
ILLINOIS,17,,,SORGHUM,"SORGHUM, GRAIN - PRODUCTION, MEASURED IN BU",,"1,343,372"
ILLINOIS,17,,,SORGHUM,"SORGHUM, GRAIN - PRODUCTION, MEASURED IN BU",AREA HARVESTED: (1.0 TO 14.9 ACRES),(D)
ILLINOIS,17,,,SORGHUM,"SORGHUM, GRAIN - PRODUCTION, MEASURED IN BU",AREA HARVESTED: (15.0 TO 24.9 ACRES),"45,086"
ILLINOIS,17,,,SORGHUM,"SORGHUM, GRAIN - PRODUCTION, MEASURED IN BU",AREA HARVESTED: (25.0 TO 49.9 ACRES),"104,982"
ILLINOIS,17,,,SORGHUM,"SORGHUM, GRAIN - PRODUCTION, MEASURED IN BU",AREA HARVESTED: (50.0 TO 99.9 ACRES),"191,314"
ILLINOIS,17,,,SORGHUM,"SORGHUM, GRAIN - PRODUCTION, MEASURED IN BU",AREA HARVESTED: (100 TO 249 ACRES),"512,702"
ILLINOIS,17,,,SORGHUM,"SORGHUM, GRAIN - PRODUCTION, MEASURED IN BU",AREA HARVESTED: (250 TO 499 ACRES),"340,300"
ILLINOIS,17,,,SORGHUM,"SORGHUM, GRAIN - PRODUCTION, MEASURED IN BU",AREA HARVESTED: (500 TO 999 ACRES),(D)
ILLINOIS,17,,,SORGHUM,"SORGHUM, GRAIN, IRRIGATED - OPERATIONS WITH AREA HARVESTED",,11
ILLINOIS,17,,,SORGHUM,"SORGHUM, GRAIN, IRRIGATED - OPERATIONS WITH AREA HARVESTED",AREA HARVESTED: (25.0 TO 49.9 ACRES),6
ILLINOIS,17,,,SORGHUM,"SORGHUM, GRAIN, IRRIGATED - OPERATIONS WITH AREA HARVESTED",AREA HARVESTED: (50.0 TO 99.9 ACRES),3
ILLINOIS,17,,,SORGHUM,"SORGHUM, GRAIN, IRRIGATED - OPERATIONS WITH AREA HARVESTED",AREA HARVESTED: (100 TO 249 ACRES),2
ILLINOIS,17,,,SORGHUM,"SORGHUM, GRAIN, IRRIGATED - ACRES HARVESTED",,518
ILLINOIS,17,,,SORGHUM,"SORGHUM, GRAIN, IRRIGATED - ACRES HARVESTED",AREA HARVESTED: (25.0 TO 49.9 ACRES),(D)
ILLINOIS,17,,,SORGHUM,"SORGHUM, GRAIN, IRRIGATED - ACRES HARVESTED",AREA HARVESTED: (50.0 TO 99.9 ACRES),170
ILLINOIS,17,,,SORGHUM,"SORGHUM, GRAIN, IRRIGATED - ACRES HARVESTED",AREA HARVESTED: (100 TO 249 ACRES),(D)
ILLINOIS,17,,,SORGHUM,"SORGHUM, SILAGE - OPERATIONS WITH AREA HARVESTED",,31
ILLINOIS,17,,,SORGHUM,"SORGHUM, SILAGE - ACRES HARVESTED",,939
ILLINOIS,17,,,SORGHUM,"SORGHUM, SILAGE - PRODUCTION, MEASURED IN TONS",,"13,655"
ILLINOIS,17,,,SOYBEANS,SOYBEANS - OPERATIONS WITH AREA HARVESTED,,"36,581"
ILLINOIS,17,,,SOYBEANS,SOYBEANS - OPERATIONS WITH AREA HARVESTED,AREA HARVESTED: (1.0 TO 14.9 ACRES),"2,940"
ILLINOIS,17,,,SOYBEANS,SOYBEANS - OPERATIONS WITH AREA HARVESTED,AREA HARVESTED: (15.0 TO 24.9 ACRES),"2,223"
ILLINOIS,17,,,SOYBEANS,SOYBEANS - OPERATIONS WITH AREA HARVESTED,AREA HARVESTED: (25.0 TO 49.9 ACRES),"4,257"
ILLINOIS,17,,,SOYBEANS,SOYBEANS - OPERATIONS WITH AREA HARVESTED,AREA HARVESTED: (50.0 TO 99.9 ACRES),"5,986"
ILLINOIS,17,,,SOYBEANS,SOYBEANS - OPERATIONS WITH AREA HARVESTED,AREA HARVESTED: (100 TO 249 ACRES),"8,436"
ILLINOIS,17,,,SOYBEANS,SOYBEANS - OPERATIONS WITH AREA HARVESTED,AREA HARVESTED: (250 TO 499 ACRES),"6,235"
ILLINOIS,17,,,SOYBEANS,SOYBEANS - OPERATIONS WITH AREA HARVESTED,AREA HARVESTED: (500 TO 999 ACRES),"4,473"
ILLINOIS,17,,,SOYBEANS,SOYBEANS - OPERATIONS WITH AREA HARVESTED,"AREA HARVESTED: (1,000 OR MORE ACRES)","2,031"
ILLINOIS,17,,,SOYBEANS,SOYBEANS - OPERATIONS WITH AREA HARVESTED,"AREA HARVESTED: (1,000 TO 1,999 ACRES)","1,630"
ILLINOIS,17,,,SOYBEANS,SOYBEANS - OPERATIONS WITH AREA HARVESTED,"AREA HARVESTED: (2,000 TO 2,999 ACRES)",283
ILLINOIS,17,,,SOYBEANS,SOYBEANS - OPERATIONS WITH AREA HARVESTED,"AREA HARVESTED: (3,000 TO 4,999 ACRES)",91
ILLINOIS,17,,,SOYBEANS,SOYBEANS - OPERATIONS WITH AREA HARVESTED,"AREA HARVESTED: (5,000 OR MORE ACRES)",27
ILLINOIS,17,,,SOYBEANS,SOYBEANS - ACRES HARVESTED,,"10,607,911"
ILLINOIS,17,,,SOYBEANS,SOYBEANS - ACRES HARVESTED,AREA HARVESTED: (1.0 TO 14.9 ACRES),"23,017"
ILLINOIS,17,,,SOYBEANS,SOYBEANS - ACRES HARVESTED,AREA HARVESTED: (15.0 TO 24.9 ACRES),"42,260"
ILLINOIS,17,,,SOYBEANS,SOYBEANS - ACRES HARVESTED,AREA HARVESTED: (25.0 TO 49.9 ACRES),"153,615"
ILLINOIS,17,,,SOYBEANS,SOYBEANS - ACRES HARVESTED,AREA HARVESTED: (50.0 TO 99.9 ACRES),"426,072"
ILLINOIS,17,,,SOYBEANS,SOYBEANS - ACRES HARVESTED,AREA HARVESTED: (100 TO 249 ACRES),"1,373,784"
ILLINOIS,17,,,SOYBEANS,SOYBEANS - ACRES HARVESTED,AREA HARVESTED: (250 TO 499 ACRES),"2,202,322"
ILLINOIS,17,,,SOYBEANS,SOYBEANS - ACRES HARVESTED,AREA HARVESTED: (500 TO 999 ACRES),"3,075,113"
ILLINOIS,17,,,SOYBEANS,SOYBEANS - ACRES HARVESTED,"AREA HARVESTED: (1,000 OR MORE ACRES)","3,311,728"
ILLINOIS,17,,,SOYBEANS,SOYBEANS - ACRES HARVESTED,"AREA HARVESTED: (1,000 TO 1,999 ACRES)","2,101,997"
ILLINOIS,17,,,SOYBEANS,SOYBEANS - ACRES HARVESTED,"AREA HARVESTED: (2,000 TO 2,999 ACRES)","657,929"
ILLINOIS,17,,,SOYBEANS,SOYBEANS - ACRES HARVESTED,"AREA HARVESTED: (3,000 TO 4,999 ACRES)","332,919"
ILLINOIS,17,,,SOYBEANS,SOYBEANS - ACRES HARVESTED,"AREA HARVESTED: (5,000 OR MORE ACRES)","218,883"
ILLINOIS,17,,,SOYBEANS,"SOYBEANS - PRODUCTION, MEASURED IN BU",,"599,908,475"
ILLINOIS,17,,,SOYBEANS,"SOYBEANS - PRODUCTION, MEASURED IN BU",AREA HARVESTED: (1.0 TO 14.9 ACRES),"970,723"
ILLINOIS,17,,,SOYBEANS,"SOYBEANS - PRODUCTION, MEASURED IN BU",AREA HARVESTED: (15.0 TO 24.9 ACRES),"1,930,185"
ILLINOIS,17,,,SOYBEANS,"SOYBEANS - PRODUCTION, MEASURED IN BU",AREA HARVESTED: (25.0 TO 49.9 ACRES),"7,723,935"
ILLINOIS,17,,,SOYBEANS,"SOYBEANS - PRODUCTION, MEASURED IN BU",AREA HARVESTED: (50.0 TO 99.9 ACRES),"22,995,444"
ILLINOIS,17,,,SOYBEANS,"SOYBEANS - PRODUCTION, MEASURED IN BU",AREA HARVESTED: (100 TO 249 ACRES),"75,875,603"
ILLINOIS,17,,,SOYBEANS,"SOYBEANS - PRODUCTION, MEASURED IN BU",AREA HARVESTED: (250 TO 499 ACRES),"124,275,238"
ILLINOIS,17,,,SOYBEANS,"SOYBEANS - PRODUCTION, MEASURED IN BU",AREA HARVESTED: (500 TO 999 ACRES),"175,583,062"
ILLINOIS,17,,,SOYBEANS,"SOYBEANS - PRODUCTION, MEASURED IN BU","AREA HARVESTED: (1,000 OR MORE ACRES)","190,554,285"
ILLINOIS,17,,,SOYBEANS,"SOYBEANS - PRODUCTION, MEASURED IN BU","AREA HARVESTED: (1,000 TO 1,999 ACRES)","121,331,944"
ILLINOIS,17,,,SOYBEANS,"SOYBEANS - PRODUCTION, MEASURED IN BU","AREA HARVESTED: (2,000 TO 2,999 ACRES)","37,530,987"
ILLINOIS,17,,,SOYBEANS,"SOYBEANS - PRODUCTION, MEASURED IN BU","AREA HARVESTED: (3,000 TO 4,999 ACRES)","19,570,016"
ILLINOIS,17,,,SOYBEANS,"SOYBEANS - PRODUCTION, MEASURED IN BU","AREA HARVESTED: (5,000 OR MORE ACRES)","12,121,338"
ILLINOIS,17,,,SOYBEANS,"SOYBEANS, IRRIGATED - OPERATIONS WITH AREA HARVESTED",,858
ILLINOIS,17,,,SOYBEANS,"SOYBEANS, IRRIGATED - OPERATIONS WITH AREA HARVESTED",AREA HARVESTED: (1.0 TO 14.9 ACRES),18
ILLINOIS,17,,,SOYBEANS,"SOYBEANS, IRRIGATED - OPERATIONS WITH AREA HARVESTED",AREA HARVESTED: (15.0 TO 24.9 ACRES),10
ILLINOIS,17,,,SOYBEANS,"SOYBEANS, IRRIGATED - OPERATIONS WITH AREA HARVESTED",AREA HARVESTED: (25.0 TO 49.9 ACRES),47
ILLINOIS,17,,,SOYBEANS,"SOYBEANS, IRRIGATED - OPERATIONS WITH AREA HARVESTED",AREA HARVESTED: (50.0 TO 99.9 ACRES),68
ILLINOIS,17,,,SOYBEANS,"SOYBEANS, IRRIGATED - OPERATIONS WITH AREA HARVESTED",AREA HARVESTED: (100 TO 249 ACRES),184
ILLINOIS,17,,,SOYBEANS,"SOYBEANS, IRRIGATED - OPERATIONS WITH AREA HARVESTED",AREA HARVESTED: (250 TO 499 ACRES),170
ILLINOIS,17,,,SOYBEANS,"SOYBEANS, IRRIGATED - OPERATIONS WITH AREA HARVESTED",AREA HARVESTED: (500 TO 999 ACRES),204
ILLINOIS,17,,,SOYBEANS,"SOYBEANS, IRRIGATED - OPERATIONS WITH AREA HARVESTED","AREA HARVESTED: (1,000 OR MORE ACRES)",157
ILLINOIS,17,,,SOYBEANS,"SOYBEANS, IRRIGATED - OPERATIONS WITH AREA HARVESTED","AREA HARVESTED: (1,000 TO 1,999 ACRES)",107
ILLINOIS,17,,,SOYBEANS,"SOYBEANS, IRRIGATED - OPERATIONS WITH AREA HARVESTED","AREA HARVESTED: (2,000 TO 2,999 ACRES)",27
ILLINOIS,17,,,SOYBEANS,"SOYBEANS, IRRIGATED - OPERATIONS WITH AREA HARVESTED","AREA HARVESTED: (3,000 TO 4,999 ACRES)",16
ILLINOIS,17,,,SOYBEANS,"SOYBEANS, IRRIGATED - OPERATIONS WITH AREA HARVESTED","AREA HARVESTED: (5,000 OR MORE ACRES)",7
ILLINOIS,17,,,SOYBEANS,"SOYBEANS, IRRIGATED - ACRES HARVESTED",,"189,900"
ILLINOIS,17,,,SOYBEANS,"SOYBEANS, IRRIGATED - ACRES HARVESTED",AREA HARVESTED: (1.0 TO 14.9 ACRES),94
ILLINOIS,17,,,SOYBEANS,"SOYBEANS, IRRIGATED - ACRES HARVESTED",AREA HARVESTED: (15.0 TO 24.9 ACRES),91
ILLINOIS,17,,,SOYBEANS,"SOYBEANS, IRRIGATED - ACRES HARVESTED",AREA HARVESTED: (25.0 TO 49.9 ACRES),"1,467"
ILLINOIS,17,,,SOYBEANS,"SOYBEANS, IRRIGATED - ACRES HARVESTED",AREA HARVESTED: (50.0 TO 99.9 ACRES),"3,836"
ILLINOIS,17,,,SOYBEANS,"SOYBEANS, IRRIGATED - ACRES HARVESTED",AREA HARVESTED: (100 TO 249 ACRES),"17,447"
ILLINOIS,17,,,SOYBEANS,"SOYBEANS, IRRIGATED - ACRES HARVESTED",AREA HARVESTED: (250 TO 499 ACRES),"28,806"
ILLINOIS,17,,,SOYBEANS,"SOYBEANS, IRRIGATED - ACRES HARVESTED",AREA HARVESTED: (500 TO 999 ACRES),"57,130"
ILLINOIS,17,,,SOYBEANS,"SOYBEANS, IRRIGATED - ACRES HARVESTED","AREA HARVESTED: (1,000 OR MORE ACRES)","81,029"
ILLINOIS,17,,,SOYBEANS,"SOYBEANS, IRRIGATED - ACRES HARVESTED","AREA HARVESTED: (1,000 TO 1,999 ACRES)","40,692"
ILLINOIS,17,,,SOYBEANS,"SOYBEANS, IRRIGATED - ACRES HARVESTED","AREA HARVESTED: (2,000 TO 2,999 ACRES)","14,236"
ILLINOIS,17,,,SOYBEANS,"SOYBEANS, IRRIGATED - ACRES HARVESTED","AREA HARVESTED: (3,000 TO 4,999 ACRES)","11,245"
ILLINOIS,17,,,SOYBEANS,"SOYBEANS, IRRIGATED - ACRES HARVESTED","AREA HARVESTED: (5,000 OR MORE ACRES)","14,856"
ILLINOIS,17,,,SUNFLOWER,SUNFLOWER - OPERATIONS WITH AREA HARVESTED,,20
ILLINOIS,17,,,SUNFLOWER,SUNFLOWER - ACRES HARVESTED,,514
ILLINOIS,17,,,SUNFLOWER,"SUNFLOWER - PRODUCTION, MEASURED IN LB",,"684,886"
ILLINOIS,17,,,SUNFLOWER,"SUNFLOWER, IRRIGATED - OPERATIONS WITH AREA HARVESTED",,1
ILLINOIS,17,,,SUNFLOWER,"SUNFLOWER, IRRIGATED - ACRES HARVESTED",,(D)
ILLINOIS,17,,,SUNFLOWER,"SUNFLOWER, OIL TYPE - OPERATIONS WITH AREA HARVESTED",,16
ILLINOIS,17,,,SUNFLOWER,"SUNFLOWER, OIL TYPE - ACRES HARVESTED",,508
ILLINOIS,17,,,SUNFLOWER,"SUNFLOWER, OIL TYPE - PRODUCTION, MEASURED IN LB",,"680,086"
ILLINOIS,17,,,SUNFLOWER,"SUNFLOWER, NON-OIL TYPE - OPERATIONS WITH AREA HARVESTED",,4
ILLINOIS,17,,,SUNFLOWER,"SUNFLOWER, NON-OIL TYPE - ACRES HARVESTED",,6
ILLINOIS,17,,,SUNFLOWER,"SUNFLOWER, NON-OIL TYPE - PRODUCTION, MEASURED IN LB",,"4,800"
ILLINOIS,17,,,SUNFLOWER,"SUNFLOWER, NON-OIL TYPE, IRRIGATED - OPERATIONS WITH AREA HARVESTED",,1
ILLINOIS,17,,,SUNFLOWER,"SUNFLOWER, NON-OIL TYPE, IRRIGATED - ACRES HARVESTED",,(D)
ILLINOIS,17,,,TOBACCO,TOBACCO - OPERATIONS WITH AREA HARVESTED,,20
ILLINOIS,17,,,TOBACCO,TOBACCO - ACRES HARVESTED,,(D)
ILLINOIS,17,,,TOBACCO,"TOBACCO - PRODUCTION, MEASURED IN LB",,"479,347"
ILLINOIS,17,,,TOBACCO,"TOBACCO, IRRIGATED - OPERATIONS WITH AREA HARVESTED",,2
ILLINOIS,17,,,TOBACCO,"TOBACCO, IRRIGATED - ACRES HARVESTED",,(D)
ILLINOIS,17,,,WHEAT,WHEAT - OPERATIONS WITH AREA HARVESTED,,"4,545"
ILLINOIS,17,,,WHEAT,WHEAT - OPERATIONS WITH AREA HARVESTED,AREA HARVESTED: (1.0 TO 14.9 ACRES),621
ILLINOIS,17,,,WHEAT,WHEAT - OPERATIONS WITH AREA HARVESTED,AREA HARVESTED: (15.0 TO 24.9 ACRES),632
ILLINOIS,17,,,WHEAT,WHEAT - OPERATIONS WITH AREA HARVESTED,AREA HARVESTED: (25.0 TO 49.9 ACRES),"1,056"
ILLINOIS,17,,,WHEAT,WHEAT - OPERATIONS WITH AREA HARVESTED,AREA HARVESTED: (50.0 TO 99.9 ACRES),955
ILLINOIS,17,,,WHEAT,WHEAT - OPERATIONS WITH AREA HARVESTED,AREA HARVESTED: (100 TO 249 ACRES),821
ILLINOIS,17,,,WHEAT,WHEAT - OPERATIONS WITH AREA HARVESTED,AREA HARVESTED: (250 TO 499 ACRES),305
ILLINOIS,17,,,WHEAT,WHEAT - OPERATIONS WITH AREA HARVESTED,AREA HARVESTED: (500 TO 999 ACRES),119
ILLINOIS,17,,,WHEAT,WHEAT - OPERATIONS WITH AREA HARVESTED,"AREA HARVESTED: (1,000 OR MORE ACRES)",36
ILLINOIS,17,,,WHEAT,WHEAT - OPERATIONS WITH AREA HARVESTED,"AREA HARVESTED: (1,000 TO 1,999 ACRES)",30
ILLINOIS,17,,,WHEAT,WHEAT - OPERATIONS WITH AREA HARVESTED,"AREA HARVESTED: (2,000 TO 2,999 ACRES)",4
ILLINOIS,17,,,WHEAT,WHEAT - OPERATIONS WITH AREA HARVESTED,"AREA HARVESTED: (3,000 TO 4,999 ACRES)",1
ILLINOIS,17,,,WHEAT,WHEAT - OPERATIONS WITH AREA HARVESTED,"AREA HARVESTED: (5,000 OR MORE ACRES)",1
ILLINOIS,17,,,WHEAT,WHEAT - ACRES HARVESTED,,"476,433"
ILLINOIS,17,,,WHEAT,WHEAT - ACRES HARVESTED,AREA HARVESTED: (1.0 TO 14.9 ACRES),"5,385"
ILLINOIS,17,,,WHEAT,WHEAT - ACRES HARVESTED,AREA HARVESTED: (15.0 TO 24.9 ACRES),"12,093"
ILLINOIS,17,,,WHEAT,WHEAT - ACRES HARVESTED,AREA HARVESTED: (25.0 TO 49.9 ACRES),"36,853"
ILLINOIS,17,,,WHEAT,WHEAT - ACRES HARVESTED,AREA HARVESTED: (50.0 TO 99.9 ACRES),"65,810"
ILLINOIS,17,,,WHEAT,WHEAT - ACRES HARVESTED,AREA HARVESTED: (100 TO 249 ACRES),"120,866"
ILLINOIS,17,,,WHEAT,WHEAT - ACRES HARVESTED,AREA HARVESTED: (250 TO 499 ACRES),"102,711"
ILLINOIS,17,,,WHEAT,WHEAT - ACRES HARVESTED,AREA HARVESTED: (500 TO 999 ACRES),"77,851"
ILLINOIS,17,,,WHEAT,WHEAT - ACRES HARVESTED,"AREA HARVESTED: (1,000 OR MORE ACRES)","54,864"
ILLINOIS,17,,,WHEAT,WHEAT - ACRES HARVESTED,"AREA HARVESTED: (1,000 TO 1,999 ACRES)","35,705"
ILLINOIS,17,,,WHEAT,WHEAT - ACRES HARVESTED,"AREA HARVESTED: (2,000 TO 2,999 ACRES)",(D)
ILLINOIS,17,,,WHEAT,WHEAT - ACRES HARVESTED,"AREA HARVESTED: (3,000 TO 4,999 ACRES)",(D)
ILLINOIS,17,,,WHEAT,WHEAT - ACRES HARVESTED,"AREA HARVESTED: (5,000 OR MORE ACRES)",(D)
ILLINOIS,17,,,WHEAT,"WHEAT - PRODUCTION, MEASURED IN BU",,"35,755,318"
ILLINOIS,17,,,WHEAT,"WHEAT - PRODUCTION, MEASURED IN BU",AREA HARVESTED: (1.0 TO 14.9 ACRES),"350,601"
ILLINOIS,17,,,WHEAT,"WHEAT - PRODUCTION, MEASURED IN BU",AREA HARVESTED: (15.0 TO 24.9 ACRES),"822,877"
ILLINOIS,17,,,WHEAT,"WHEAT - PRODUCTION, MEASURED IN BU",AREA HARVESTED: (25.0 TO 49.9 ACRES),"2,622,952"
ILLINOIS,17,,,WHEAT,"WHEAT - PRODUCTION, MEASURED IN BU",AREA HARVESTED: (50.0 TO 99.9 ACRES),"4,740,081"
ILLINOIS,17,,,WHEAT,"WHEAT - PRODUCTION, MEASURED IN BU",AREA HARVESTED: (100 TO 249 ACRES),"8,899,805"
ILLINOIS,17,,,WHEAT,"WHEAT - PRODUCTION, MEASURED IN BU",AREA HARVESTED: (250 TO 499 ACRES),"7,596,852"
ILLINOIS,17,,,WHEAT,"WHEAT - PRODUCTION, MEASURED IN BU",AREA HARVESTED: (500 TO 999 ACRES),"6,207,791"
ILLINOIS,17,,,WHEAT,"WHEAT - PRODUCTION, MEASURED IN BU","AREA HARVESTED: (1,000 OR MORE ACRES)","4,514,359"
ILLINOIS,17,,,WHEAT,"WHEAT - PRODUCTION, MEASURED IN BU","AREA HARVESTED: (1,000 TO 1,999 ACRES)","2,917,091"
ILLINOIS,17,,,WHEAT,"WHEAT - PRODUCTION, MEASURED IN BU","AREA HARVESTED: (2,000 TO 2,999 ACRES)",(D)
ILLINOIS,17,,,WHEAT,"WHEAT - PRODUCTION, MEASURED IN BU","AREA HARVESTED: (3,000 TO 4,999 ACRES)",(D)
ILLINOIS,17,,,WHEAT,"WHEAT - PRODUCTION, MEASURED IN BU","AREA HARVESTED: (5,000 OR MORE ACRES)",(D)
ILLINOIS,17,,,WHEAT,"WHEAT, IRRIGATED - OPERATIONS WITH AREA HARVESTED",,68
ILLINOIS,17,,,WHEAT,"WHEAT, IRRIGATED - OPERATIONS WITH AREA HARVESTED",AREA HARVESTED: (1.0 TO 14.9 ACRES),3
ILLINOIS,17,,,WHEAT,"WHEAT, IRRIGATED - OPERATIONS WITH AREA HARVESTED",AREA HARVESTED: (15.0 TO 24.9 ACRES),1
ILLINOIS,17,,,WHEAT,"WHEAT, IRRIGATED - OPERATIONS WITH AREA HARVESTED",AREA HARVESTED: (25.0 TO 49.9 ACRES),12
ILLINOIS,17,,,WHEAT,"WHEAT, IRRIGATED - OPERATIONS WITH AREA HARVESTED",AREA HARVESTED: (50.0 TO 99.9 ACRES),14
ILLINOIS,17,,,WHEAT,"WHEAT, IRRIGATED - OPERATIONS WITH AREA HARVESTED",AREA HARVESTED: (100 TO 249 ACRES),24
ILLINOIS,17,,,WHEAT,"WHEAT, IRRIGATED - OPERATIONS WITH AREA HARVESTED",AREA HARVESTED: (250 TO 499 ACRES),10
ILLINOIS,17,,,WHEAT,"WHEAT, IRRIGATED - OPERATIONS WITH AREA HARVESTED",AREA HARVESTED: (500 TO 999 ACRES),3
ILLINOIS,17,,,WHEAT,"WHEAT, IRRIGATED - OPERATIONS WITH AREA HARVESTED","AREA HARVESTED: (1,000 OR MORE ACRES)",1
ILLINOIS,17,,,WHEAT,"WHEAT, IRRIGATED - OPERATIONS WITH AREA HARVESTED","AREA HARVESTED: (1,000 TO 1,999 ACRES)",1
ILLINOIS,17,,,WHEAT,"WHEAT, IRRIGATED - ACRES HARVESTED",,"7,247"
ILLINOIS,17,,,WHEAT,"WHEAT, IRRIGATED - ACRES HARVESTED",AREA HARVESTED: (1.0 TO 14.9 ACRES),22
ILLINOIS,17,,,WHEAT,"WHEAT, IRRIGATED - ACRES HARVESTED",AREA HARVESTED: (15.0 TO 24.9 ACRES),(D)
ILLINOIS,17,,,WHEAT,"WHEAT, IRRIGATED - ACRES HARVESTED",AREA HARVESTED: (25.0 TO 49.9 ACRES),(D)
ILLINOIS,17,,,WHEAT,"WHEAT, IRRIGATED - ACRES HARVESTED",AREA HARVESTED: (50.0 TO 99.9 ACRES),603
ILLINOIS,17,,,WHEAT,"WHEAT, IRRIGATED - ACRES HARVESTED",AREA HARVESTED: (100 TO 249 ACRES),"2,980"
ILLINOIS,17,,,WHEAT,"WHEAT, IRRIGATED - ACRES HARVESTED",AREA HARVESTED: (250 TO 499 ACRES),"1,747"
ILLINOIS,17,,,WHEAT,"WHEAT, IRRIGATED - ACRES HARVESTED",AREA HARVESTED: (500 TO 999 ACRES),289
ILLINOIS,17,,,WHEAT,"WHEAT, IRRIGATED - ACRES HARVESTED","AREA HARVESTED: (1,000 OR MORE ACRES)",(D)
ILLINOIS,17,,,WHEAT,"WHEAT, IRRIGATED - ACRES HARVESTED","AREA HARVESTED: (1,000 TO 1,999 ACRES)",(D)
ILLINOIS,17,,,WHEAT,"WHEAT, WINTER - OPERATIONS WITH AREA HARVESTED",,"4,545"
ILLINOIS,17,,,WHEAT,"WHEAT, WINTER - OPERATIONS WITH AREA HARVESTED",AREA HARVESTED: (1.0 TO 14.9 ACRES),621
ILLINOIS,17,,,WHEAT,"WHEAT, WINTER - OPERATIONS WITH AREA HARVESTED",AREA HARVESTED: (15.0 TO 24.9 ACRES),632
ILLINOIS,17,,,WHEAT,"WHEAT, WINTER - OPERATIONS WITH AREA HARVESTED",AREA HARVESTED: (25.0 TO 49.9 ACRES),"1,056"
ILLINOIS,17,,,WHEAT,"WHEAT, WINTER - OPERATIONS WITH AREA HARVESTED",AREA HARVESTED: (50.0 TO 99.9 ACRES),955
ILLINOIS,17,,,WHEAT,"WHEAT, WINTER - OPERATIONS WITH AREA HARVESTED",AREA HARVESTED: (100 TO 249 ACRES),821
ILLINOIS,17,,,WHEAT,"WHEAT, WINTER - OPERATIONS WITH AREA HARVESTED",AREA HARVESTED: (250 TO 499 ACRES),305
ILLINOIS,17,,,WHEAT,"WHEAT, WINTER - OPERATIONS WITH AREA HARVESTED",AREA HARVESTED: (500 TO 999 ACRES),119
ILLINOIS,17,,,WHEAT,"WHEAT, WINTER - OPERATIONS WITH AREA HARVESTED","AREA HARVESTED: (1,000 OR MORE ACRES)",36
ILLINOIS,17,,,WHEAT,"WHEAT, WINTER - OPERATIONS WITH AREA HARVESTED","AREA HARVESTED: (1,000 TO 1,999 ACRES)",30
ILLINOIS,17,,,WHEAT,"WHEAT, WINTER - OPERATIONS WITH AREA HARVESTED","AREA HARVESTED: (2,000 TO 2,999 ACRES)",4
ILLINOIS,17,,,WHEAT,"WHEAT, WINTER - OPERATIONS WITH AREA HARVESTED","AREA HARVESTED: (3,000 TO 4,999 ACRES)",1
ILLINOIS,17,,,WHEAT,"WHEAT, WINTER - OPERATIONS WITH AREA HARVESTED","AREA HARVESTED: (5,000 OR MORE ACRES)",1
ILLINOIS,17,,,WHEAT,"WHEAT, WINTER - ACRES HARVESTED",,"476,433"
ILLINOIS,17,,,WHEAT,"WHEAT, WINTER - ACRES HARVESTED",AREA HARVESTED: (1.0 TO 14.9 ACRES),"5,385"
ILLINOIS,17,,,WHEAT,"WHEAT, WINTER - ACRES HARVESTED",AREA HARVESTED: (15.0 TO 24.9 ACRES),"12,093"
ILLINOIS,17,,,WHEAT,"WHEAT, WINTER - ACRES HARVESTED",AREA HARVESTED: (25.0 TO 49.9 ACRES),"36,853"
ILLINOIS,17,,,WHEAT,"WHEAT, WINTER - ACRES HARVESTED",AREA HARVESTED: (50.0 TO 99.9 ACRES),"65,810"
ILLINOIS,17,,,WHEAT,"WHEAT, WINTER - ACRES HARVESTED",AREA HARVESTED: (100 TO 249 ACRES),"120,866"
ILLINOIS,17,,,WHEAT,"WHEAT, WINTER - ACRES HARVESTED",AREA HARVESTED: (250 TO 499 ACRES),"102,711"
ILLINOIS,17,,,WHEAT,"WHEAT, WINTER - ACRES HARVESTED",AREA HARVESTED: (500 TO 999 ACRES),"77,851"
ILLINOIS,17,,,WHEAT,"WHEAT, WINTER - ACRES HARVESTED","AREA HARVESTED: (1,000 OR MORE ACRES)","54,864"
ILLINOIS,17,,,WHEAT,"WHEAT, WINTER - ACRES HARVESTED","AREA HARVESTED: (1,000 TO 1,999 ACRES)","35,705"
ILLINOIS,17,,,WHEAT,"WHEAT, WINTER - ACRES HARVESTED","AREA HARVESTED: (2,000 TO 2,999 ACRES)",(D)
ILLINOIS,17,,,WHEAT,"WHEAT, WINTER - ACRES HARVESTED","AREA HARVESTED: (3,000 TO 4,999 ACRES)",(D)
ILLINOIS,17,,,WHEAT,"WHEAT, WINTER - ACRES HARVESTED","AREA HARVESTED: (5,000 OR MORE ACRES)",(D)
ILLINOIS,17,,,WHEAT,"WHEAT, WINTER - PRODUCTION, MEASURED IN BU",,"35,755,318"
ILLINOIS,17,,,WHEAT,"WHEAT, WINTER - PRODUCTION, MEASURED IN BU",AREA HARVESTED: (1.0 TO 14.9 ACRES),"350,601"
ILLINOIS,17,,,WHEAT,"WHEAT, WINTER - PRODUCTION, MEASURED IN BU",AREA HARVESTED: (15.0 TO 24.9 ACRES),"822,877"
ILLINOIS,17,,,WHEAT,"WHEAT, WINTER - PRODUCTION, MEASURED IN BU",AREA HARVESTED: (25.0 TO 49.9 ACRES),"2,622,952"
ILLINOIS,17,,,WHEAT,"WHEAT, WINTER - PRODUCTION, MEASURED IN BU",AREA HARVESTED: (50.0 TO 99.9 ACRES),"4,740,081"
ILLINOIS,17,,,WHEAT,"WHEAT, WINTER - PRODUCTION, MEASURED IN BU",AREA HARVESTED: (100 TO 249 ACRES),"8,899,805"
ILLINOIS,17,,,WHEAT,"WHEAT, WINTER - PRODUCTION, MEASURED IN BU",AREA HARVESTED: (250 TO 499 ACRES),"7,596,852"
ILLINOIS,17,,,WHEAT,"WHEAT, WINTER - PRODUCTION, MEASURED IN BU",AREA HARVESTED: (500 TO 999 ACRES),"6,207,791"
ILLINOIS,17,,,WHEAT,"WHEAT, WINTER - PRODUCTION, MEASURED IN BU","AREA HARVESTED: (1,000 OR MORE ACRES)","4,514,359"
ILLINOIS,17,,,WHEAT,"WHEAT, WINTER - PRODUCTION, MEASURED IN BU","AREA HARVESTED: (1,000 TO 1,999 ACRES)","2,917,091"
ILLINOIS,17,,,WHEAT,"WHEAT, WINTER - PRODUCTION, MEASURED IN BU","AREA HARVESTED: (2,000 TO 2,999 ACRES)",(D)
ILLINOIS,17,,,WHEAT,"WHEAT, WINTER - PRODUCTION, MEASURED IN BU","AREA HARVESTED: (3,000 TO 4,999 ACRES)",(D)
ILLINOIS,17,,,WHEAT,"WHEAT, WINTER - PRODUCTION, MEASURED IN BU","AREA HARVESTED: (5,000 OR MORE ACRES)",(D)
ILLINOIS,17,,,WHEAT,"WHEAT, WINTER, IRRIGATED - OPERATIONS WITH AREA HARVESTED",,68
ILLINOIS,17,,,WHEAT,"WHEAT, WINTER, IRRIGATED - OPERATIONS WITH AREA HARVESTED",AREA HARVESTED: (1.0 TO 14.9 ACRES),3
ILLINOIS,17,,,WHEAT,"WHEAT, WINTER, IRRIGATED - OPERATIONS WITH AREA HARVESTED",AREA HARVESTED: (15.0 TO 24.9 ACRES),1
ILLINOIS,17,,,WHEAT,"WHEAT, WINTER, IRRIGATED - OPERATIONS WITH AREA HARVESTED",AREA HARVESTED: (25.0 TO 49.9 ACRES),12
ILLINOIS,17,,,WHEAT,"WHEAT, WINTER, IRRIGATED - OPERATIONS WITH AREA HARVESTED",AREA HARVESTED: (50.0 TO 99.9 ACRES),14
ILLINOIS,17,,,WHEAT,"WHEAT, WINTER, IRRIGATED - OPERATIONS WITH AREA HARVESTED",AREA HARVESTED: (100 TO 249 ACRES),24
ILLINOIS,17,,,WHEAT,"WHEAT, WINTER, IRRIGATED - OPERATIONS WITH AREA HARVESTED",AREA HARVESTED: (250 TO 499 ACRES),10
ILLINOIS,17,,,WHEAT,"WHEAT, WINTER, IRRIGATED - OPERATIONS WITH AREA HARVESTED",AREA HARVESTED: (500 TO 999 ACRES),3
ILLINOIS,17,,,WHEAT,"WHEAT, WINTER, IRRIGATED - OPERATIONS WITH AREA HARVESTED","AREA HARVESTED: (1,000 OR MORE ACRES)",1
ILLINOIS,17,,,WHEAT,"WHEAT, WINTER, IRRIGATED - OPERATIONS WITH AREA HARVESTED","AREA HARVESTED: (1,000 TO 1,999 ACRES)",1
ILLINOIS,17,,,WHEAT,"WHEAT, WINTER, IRRIGATED - ACRES HARVESTED",,"7,247"
ILLINOIS,17,,,WHEAT,"WHEAT, WINTER, IRRIGATED - ACRES HARVESTED",AREA HARVESTED: (1.0 TO 14.9 ACRES),22
ILLINOIS,17,,,WHEAT,"WHEAT, WINTER, IRRIGATED - ACRES HARVESTED",AREA HARVESTED: (15.0 TO 24.9 ACRES),(D)
ILLINOIS,17,,,WHEAT,"WHEAT, WINTER, IRRIGATED - ACRES HARVESTED",AREA HARVESTED: (25.0 TO 49.9 ACRES),(D)
ILLINOIS,17,,,WHEAT,"WHEAT, WINTER, IRRIGATED - ACRES HARVESTED",AREA HARVESTED: (50.0 TO 99.9 ACRES),603
ILLINOIS,17,,,WHEAT,"WHEAT, WINTER, IRRIGATED - ACRES HARVESTED",AREA HARVESTED: (100 TO 249 ACRES),"2,980"
ILLINOIS,17,,,WHEAT,"WHEAT, WINTER, IRRIGATED - ACRES HARVESTED",AREA HARVESTED: (250 TO 499 ACRES),"1,747"
ILLINOIS,17,,,WHEAT,"WHEAT, WINTER, IRRIGATED - ACRES HARVESTED",AREA HARVESTED: (500 TO 999 ACRES),289
ILLINOIS,17,,,WHEAT,"WHEAT, WINTER, IRRIGATED - ACRES HARVESTED","AREA HARVESTED: (1,000 OR MORE ACRES)",(D)
ILLINOIS,17,,,WHEAT,"WHEAT, WINTER, IRRIGATED - ACRES HARVESTED","AREA HARVESTED: (1,000 TO 1,999 ACRES)",(D)
ILLINOIS,17,,,GRASSES & LEGUMES TOTALS,"GRASSES & LEGUMES TOTALS, SEED - OPERATIONS WITH AREA HARVESTED",,33
ILLINOIS,17,,,GRASSES & LEGUMES TOTALS,"GRASSES & LEGUMES TOTALS, SEED - ACRES HARVESTED",,765
ILLINOIS,17,,,GRASSES,"GRASSES, FESCUE, SEED - OPERATIONS WITH AREA HARVESTED",,6
ILLINOIS,17,,,GRASSES,"GRASSES, FESCUE, SEED - ACRES HARVESTED",,42
ILLINOIS,17,,,GRASSES,"GRASSES, FESCUE, SEED - PRODUCTION, MEASURED IN LB",,"44,100"
ILLINOIS,17,,,GRASSES,"GRASSES, RYEGRASS, SEED - OPERATIONS WITH AREA HARVESTED",,5
ILLINOIS,17,,,GRASSES,"GRASSES, RYEGRASS, SEED - ACRES HARVESTED",,199
ILLINOIS,17,,,GRASSES,"GRASSES, RYEGRASS, SEED - PRODUCTION, MEASURED IN LB",,"375,100"
ILLINOIS,17,,,HAY & HAYLAGE,HAY & HAYLAGE - OPERATIONS WITH AREA HARVESTED,,"18,430"
ILLINOIS,17,,,HAY & HAYLAGE,HAY & HAYLAGE - OPERATIONS WITH AREA HARVESTED,AREA HARVESTED: (1.0 TO 14.9 ACRES),"8,704"
ILLINOIS,17,,,HAY & HAYLAGE,HAY & HAYLAGE - OPERATIONS WITH AREA HARVESTED,AREA HARVESTED: (15.0 TO 24.9 ACRES),"3,185"
ILLINOIS,17,,,HAY & HAYLAGE,HAY & HAYLAGE - OPERATIONS WITH AREA HARVESTED,AREA HARVESTED: (25.0 TO 49.9 ACRES),"3,452"
ILLINOIS,17,,,HAY & HAYLAGE,HAY & HAYLAGE - OPERATIONS WITH AREA HARVESTED,AREA HARVESTED: (50.0 TO 99.9 ACRES),"1,996"
ILLINOIS,17,,,HAY & HAYLAGE,HAY & HAYLAGE - OPERATIONS WITH AREA HARVESTED,AREA HARVESTED: (100 TO 249 ACRES),962
ILLINOIS,17,,,HAY & HAYLAGE,HAY & HAYLAGE - OPERATIONS WITH AREA HARVESTED,AREA HARVESTED: (250 TO 499 ACRES),109
ILLINOIS,17,,,HAY & HAYLAGE,HAY & HAYLAGE - OPERATIONS WITH AREA HARVESTED,AREA HARVESTED: (500 TO 999 ACRES),20
ILLINOIS,17,,,HAY & HAYLAGE,HAY & HAYLAGE - OPERATIONS WITH AREA HARVESTED,"AREA HARVESTED: (1,000 OR MORE ACRES)",2
ILLINOIS,17,,,HAY & HAYLAGE,HAY & HAYLAGE - OPERATIONS WITH AREA HARVESTED,"AREA HARVESTED: (1,000 TO 1,999 ACRES)",1
ILLINOIS,17,,,HAY & HAYLAGE,HAY & HAYLAGE - OPERATIONS WITH AREA HARVESTED,"AREA HARVESTED: (2,000 TO 2,999 ACRES)",1
ILLINOIS,17,,,HAY & HAYLAGE,HAY & HAYLAGE - ACRES HARVESTED,,"551,112"
ILLINOIS,17,,,HAY & HAYLAGE,HAY & HAYLAGE - ACRES HARVESTED,AREA HARVESTED: (1.0 TO 14.9 ACRES),"59,897"
ILLINOIS,17,,,HAY & HAYLAGE,HAY & HAYLAGE - ACRES HARVESTED,AREA HARVESTED: (15.0 TO 24.9 ACRES),"59,177"
ILLINOIS,17,,,HAY & HAYLAGE,HAY & HAYLAGE - ACRES HARVESTED,AREA HARVESTED: (25.0 TO 49.9 ACRES),"117,668"
ILLINOIS,17,,,HAY & HAYLAGE,HAY & HAYLAGE - ACRES HARVESTED,AREA HARVESTED: (50.0 TO 99.9 ACRES),"130,466"
ILLINOIS,17,,,HAY & HAYLAGE,HAY & HAYLAGE - ACRES HARVESTED,AREA HARVESTED: (100 TO 249 ACRES),"133,089"
ILLINOIS,17,,,HAY & HAYLAGE,HAY & HAYLAGE - ACRES HARVESTED,AREA HARVESTED: (250 TO 499 ACRES),"35,178"
ILLINOIS,17,,,HAY & HAYLAGE,HAY & HAYLAGE - ACRES HARVESTED,AREA HARVESTED: (500 TO 999 ACRES),(D)
ILLINOIS,17,,,HAY & HAYLAGE,HAY & HAYLAGE - ACRES HARVESTED,"AREA HARVESTED: (1,000 OR MORE ACRES)",(D)
ILLINOIS,17,,,HAY & HAYLAGE,HAY & HAYLAGE - ACRES HARVESTED,"AREA HARVESTED: (1,000 TO 1,999 ACRES)",(D)
ILLINOIS,17,,,HAY & HAYLAGE,HAY & HAYLAGE - ACRES HARVESTED,"AREA HARVESTED: (2,000 TO 2,999 ACRES)",(D)
ILLINOIS,17,,,HAY & HAYLAGE,"HAY & HAYLAGE - PRODUCTION, MEASURED IN TONS, DRY BASIS",,"1,568,894"
ILLINOIS,17,,,HAY & HAYLAGE,"HAY & HAYLAGE - PRODUCTION, MEASURED IN TONS, DRY BASIS",AREA HARVESTED: (1.0 TO 14.9 ACRES),"142,309"
ILLINOIS,17,,,HAY & HAYLAGE,"HAY & HAYLAGE - PRODUCTION, MEASURED IN TONS, DRY BASIS",AREA HARVESTED: (15.0 TO 24.9 ACRES),"150,849"
ILLINOIS,17,,,HAY & HAYLAGE,"HAY & HAYLAGE - PRODUCTION, MEASURED IN TONS, DRY BASIS",AREA HARVESTED: (25.0 TO 49.9 ACRES),"336,710"
ILLINOIS,17,,,HAY & HAYLAGE,"HAY & HAYLAGE - PRODUCTION, MEASURED IN TONS, DRY BASIS",AREA HARVESTED: (50.0 TO 99.9 ACRES),"386,580"
ILLINOIS,17,,,HAY & HAYLAGE,"HAY & HAYLAGE - PRODUCTION, MEASURED IN TONS, DRY BASIS",AREA HARVESTED: (100 TO 249 ACRES),"403,147"
ILLINOIS,17,,,HAY & HAYLAGE,"HAY & HAYLAGE - PRODUCTION, MEASURED IN TONS, DRY BASIS",AREA HARVESTED: (250 TO 499 ACRES),"101,872"
ILLINOIS,17,,,HAY & HAYLAGE,"HAY & HAYLAGE - PRODUCTION, MEASURED IN TONS, DRY BASIS",AREA HARVESTED: (500 TO 999 ACRES),(D)
ILLINOIS,17,,,HAY & HAYLAGE,"HAY & HAYLAGE - PRODUCTION, MEASURED IN TONS, DRY BASIS","AREA HARVESTED: (1,000 OR MORE ACRES)",(D)
ILLINOIS,17,,,HAY & HAYLAGE,"HAY & HAYLAGE - PRODUCTION, MEASURED IN TONS, DRY BASIS","AREA HARVESTED: (1,000 TO 1,999 ACRES)",(D)
ILLINOIS,17,,,HAY & HAYLAGE,"HAY & HAYLAGE - PRODUCTION, MEASURED IN TONS, DRY BASIS","AREA HARVESTED: (2,000 TO 2,999 ACRES)",(D)
ILLINOIS,17,,,HAY & HAYLAGE,"HAY & HAYLAGE, IRRIGATED - OPERATIONS WITH AREA HARVESTED",,68
ILLINOIS,17,,,HAY & HAYLAGE,"HAY & HAYLAGE, IRRIGATED - OPERATIONS WITH AREA HARVESTED",AREA HARVESTED: (1.0 TO 14.9 ACRES),26
ILLINOIS,17,,,HAY & HAYLAGE,"HAY & HAYLAGE, IRRIGATED - OPERATIONS WITH AREA HARVESTED",AREA HARVESTED: (15.0 TO 24.9 ACRES),12
ILLINOIS,17,,,HAY & HAYLAGE,"HAY & HAYLAGE, IRRIGATED - OPERATIONS WITH AREA HARVESTED",AREA HARVESTED: (25.0 TO 49.9 ACRES),13
ILLINOIS,17,,,HAY & HAYLAGE,"HAY & HAYLAGE, IRRIGATED - OPERATIONS WITH AREA HARVESTED",AREA HARVESTED: (50.0 TO 99.9 ACRES),12
ILLINOIS,17,,,HAY & HAYLAGE,"HAY & HAYLAGE, IRRIGATED - OPERATIONS WITH AREA HARVESTED",AREA HARVESTED: (100 TO 249 ACRES),5
ILLINOIS,17,,,HAY & HAYLAGE,"HAY & HAYLAGE, IRRIGATED - ACRES HARVESTED",,"1,306"
ILLINOIS,17,,,HAY & HAYLAGE,"HAY & HAYLAGE, IRRIGATED - ACRES HARVESTED",AREA HARVESTED: (1.0 TO 14.9 ACRES),124
ILLINOIS,17,,,HAY & HAYLAGE,"HAY & HAYLAGE, IRRIGATED - ACRES HARVESTED",AREA HARVESTED: (15.0 TO 24.9 ACRES),185
ILLINOIS,17,,,HAY & HAYLAGE,"HAY & HAYLAGE, IRRIGATED - ACRES HARVESTED",AREA HARVESTED: (25.0 TO 49.9 ACRES),225
ILLINOIS,17,,,HAY & HAYLAGE,"HAY & HAYLAGE, IRRIGATED - ACRES HARVESTED",AREA HARVESTED: (50.0 TO 99.9 ACRES),391
ILLINOIS,17,,,HAY & HAYLAGE,"HAY & HAYLAGE, IRRIGATED - ACRES HARVESTED",AREA HARVESTED: (100 TO 249 ACRES),381
ILLINOIS,17,,,HAY,HAY - OPERATIONS WITH AREA HARVESTED,,"17,227"
ILLINOIS,17,,,HAY,HAY - OPERATIONS WITH AREA HARVESTED,AREA HARVESTED: (1.0 TO 14.9 ACRES),"8,166"
ILLINOIS,17,,,HAY,HAY - OPERATIONS WITH AREA HARVESTED,AREA HARVESTED: (15.0 TO 24.9 ACRES),"3,032"
ILLINOIS,17,,,HAY,HAY - OPERATIONS WITH AREA HARVESTED,AREA HARVESTED: (25.0 TO 49.9 ACRES),"3,265"
ILLINOIS,17,,,HAY,HAY - OPERATIONS WITH AREA HARVESTED,AREA HARVESTED: (50.0 TO 99.9 ACRES),"1,805"
ILLINOIS,17,,,HAY,HAY - OPERATIONS WITH AREA HARVESTED,AREA HARVESTED: (100 TO 249 ACRES),846
ILLINOIS,17,,,HAY,HAY - OPERATIONS WITH AREA HARVESTED,AREA HARVESTED: (250 TO 499 ACRES),93
ILLINOIS,17,,,HAY,HAY - OPERATIONS WITH AREA HARVESTED,AREA HARVESTED: (500 TO 999 ACRES),18
ILLINOIS,17,,,HAY,HAY - OPERATIONS WITH AREA HARVESTED,"AREA HARVESTED: (1,000 OR MORE ACRES)",2
ILLINOIS,17,,,HAY,HAY - ACRES HARVESTED,,"499,566"
ILLINOIS,17,,,HAY,HAY - ACRES HARVESTED,AREA HARVESTED: (1.0 TO 14.9 ACRES),"56,210"
ILLINOIS,17,,,HAY,HAY - ACRES HARVESTED,AREA HARVESTED: (15.0 TO 24.9 ACRES),"56,385"
ILLINOIS,17,,,HAY,HAY - ACRES HARVESTED,AREA HARVESTED: (25.0 TO 49.9 ACRES),"110,956"
ILLINOIS,17,,,HAY,HAY - ACRES HARVESTED,AREA HARVESTED: (50.0 TO 99.9 ACRES),"117,074"
ILLINOIS,17,,,HAY,HAY - ACRES HARVESTED,AREA HARVESTED: (100 TO 249 ACRES),"115,325"
ILLINOIS,17,,,HAY,HAY - ACRES HARVESTED,AREA HARVESTED: (250 TO 499 ACRES),"29,299"
ILLINOIS,17,,,HAY,HAY - ACRES HARVESTED,AREA HARVESTED: (500 TO 999 ACRES),(D)
ILLINOIS,17,,,HAY,HAY - ACRES HARVESTED,"AREA HARVESTED: (1,000 OR MORE ACRES)",(D)
ILLINOIS,17,,,HAY,"HAY - PRODUCTION, MEASURED IN TONS",,"1,374,044"
ILLINOIS,17,,,HAY,"HAY - PRODUCTION, MEASURED IN TONS",AREA HARVESTED: (1.0 TO 14.9 ACRES),"137,881"
ILLINOIS,17,,,HAY,"HAY - PRODUCTION, MEASURED IN TONS",AREA HARVESTED: (15.0 TO 24.9 ACRES),"148,278"
ILLINOIS,17,,,HAY,"HAY - PRODUCTION, MEASURED IN TONS",AREA HARVESTED: (25.0 TO 49.9 ACRES),"317,492"
ILLINOIS,17,,,HAY,"HAY - PRODUCTION, MEASURED IN TONS",AREA HARVESTED: (50.0 TO 99.9 ACRES),"326,435"
ILLINOIS,17,,,HAY,"HAY - PRODUCTION, MEASURED IN TONS",AREA HARVESTED: (100 TO 249 ACRES),"331,458"
ILLINOIS,17,,,HAY,"HAY - PRODUCTION, MEASURED IN TONS",AREA HARVESTED: (250 TO 499 ACRES),"73,021"
ILLINOIS,17,,,HAY,"HAY - PRODUCTION, MEASURED IN TONS",AREA HARVESTED: (500 TO 999 ACRES),(D)
ILLINOIS,17,,,HAY,"HAY - PRODUCTION, MEASURED IN TONS","AREA HARVESTED: (1,000 OR MORE ACRES)",(D)
ILLINOIS,17,,,HAY,"HAY, IRRIGATED - OPERATIONS WITH AREA HARVESTED",,66
ILLINOIS,17,,,HAY,"HAY, IRRIGATED - OPERATIONS WITH AREA HARVESTED",AREA HARVESTED: (1.0 TO 14.9 ACRES),26
ILLINOIS,17,,,HAY,"HAY, IRRIGATED - OPERATIONS WITH AREA HARVESTED",AREA HARVESTED: (15.0 TO 24.9 ACRES),12
ILLINOIS,17,,,HAY,"HAY, IRRIGATED - OPERATIONS WITH AREA HARVESTED",AREA HARVESTED: (25.0 TO 49.9 ACRES),13
ILLINOIS,17,,,HAY,"HAY, IRRIGATED - OPERATIONS WITH AREA HARVESTED",AREA HARVESTED: (50.0 TO 99.9 ACRES),12
ILLINOIS,17,,,HAY,"HAY, IRRIGATED - OPERATIONS WITH AREA HARVESTED",AREA HARVESTED: (100 TO 249 ACRES),3
ILLINOIS,17,,,HAY,"HAY, IRRIGATED - ACRES HARVESTED",,"1,117"
ILLINOIS,17,,,HAY,"HAY, IRRIGATED - ACRES HARVESTED",AREA HARVESTED: (1.0 TO 14.9 ACRES),124
ILLINOIS,17,,,HAY,"HAY, IRRIGATED - ACRES HARVESTED",AREA HARVESTED: (15.0 TO 24.9 ACRES),185
ILLINOIS,17,,,HAY,"HAY, IRRIGATED - ACRES HARVESTED",AREA HARVESTED: (25.0 TO 49.9 ACRES),225
ILLINOIS,17,,,HAY,"HAY, IRRIGATED - ACRES HARVESTED",AREA HARVESTED: (50.0 TO 99.9 ACRES),388
ILLINOIS,17,,,HAY,"HAY, IRRIGATED - ACRES HARVESTED",AREA HARVESTED: (100 TO 249 ACRES),195
ILLINOIS,17,,,HAY,"HAY, ALFALFA - OPERATIONS WITH AREA HARVESTED",,"10,416"
ILLINOIS,17,,,HAY,"HAY, ALFALFA - OPERATIONS WITH AREA HARVESTED",AREA HARVESTED: (1.0 TO 14.9 ACRES),"5,548"
ILLINOIS,17,,,HAY,"HAY, ALFALFA - OPERATIONS WITH AREA HARVESTED",AREA HARVESTED: (15.0 TO 24.9 ACRES),"1,782"
ILLINOIS,17,,,HAY,"HAY, ALFALFA - OPERATIONS WITH AREA HARVESTED",AREA HARVESTED: (25.0 TO 49.9 ACRES),"1,809"
ILLINOIS,17,,,HAY,"HAY, ALFALFA - OPERATIONS WITH AREA HARVESTED",AREA HARVESTED: (50.0 TO 99.9 ACRES),879
ILLINOIS,17,,,HAY,"HAY, ALFALFA - OPERATIONS WITH AREA HARVESTED",AREA HARVESTED: (100 TO 249 ACRES),361
ILLINOIS,17,,,HAY,"HAY, ALFALFA - OPERATIONS WITH AREA HARVESTED",AREA HARVESTED: (250 TO 499 ACRES),34
ILLINOIS,17,,,HAY,"HAY, ALFALFA - OPERATIONS WITH AREA HARVESTED",AREA HARVESTED: (500 TO 999 ACRES),3
ILLINOIS,17,,,HAY,"HAY, ALFALFA - ACRES HARVESTED",,"248,167"
ILLINOIS,17,,,HAY,"HAY, ALFALFA - ACRES HARVESTED",AREA HARVESTED: (1.0 TO 14.9 ACRES),"36,861"
ILLINOIS,17,,,HAY,"HAY, ALFALFA - ACRES HARVESTED",AREA HARVESTED: (15.0 TO 24.9 ACRES),"33,071"
ILLINOIS,17,,,HAY,"HAY, ALFALFA - ACRES HARVESTED",AREA HARVESTED: (25.0 TO 49.9 ACRES),"61,021"
ILLINOIS,17,,,HAY,"HAY, ALFALFA - ACRES HARVESTED",AREA HARVESTED: (50.0 TO 99.9 ACRES),"56,611"
ILLINOIS,17,,,HAY,"HAY, ALFALFA - ACRES HARVESTED",AREA HARVESTED: (100 TO 249 ACRES),"48,344"
ILLINOIS,17,,,HAY,"HAY, ALFALFA - ACRES HARVESTED",AREA HARVESTED: (250 TO 499 ACRES),"10,653"
ILLINOIS,17,,,HAY,"HAY, ALFALFA - ACRES HARVESTED",AREA HARVESTED: (500 TO 999 ACRES),"1,606"
ILLINOIS,17,,,HAY,"HAY, ALFALFA - PRODUCTION, MEASURED IN TONS",,"845,430"
ILLINOIS,17,,,HAY,"HAY, ALFALFA - PRODUCTION, MEASURED IN TONS",AREA HARVESTED: (1.0 TO 14.9 ACRES),"106,458"
ILLINOIS,17,,,HAY,"HAY, ALFALFA - PRODUCTION, MEASURED IN TONS",AREA HARVESTED: (15.0 TO 24.9 ACRES),"107,345"
ILLINOIS,17,,,HAY,"HAY, ALFALFA - PRODUCTION, MEASURED IN TONS",AREA HARVESTED: (25.0 TO 49.9 ACRES),"214,724"
ILLINOIS,17,,,HAY,"HAY, ALFALFA - PRODUCTION, MEASURED IN TONS",AREA HARVESTED: (50.0 TO 99.9 ACRES),"198,204"
ILLINOIS,17,,,HAY,"HAY, ALFALFA - PRODUCTION, MEASURED IN TONS",AREA HARVESTED: (100 TO 249 ACRES),"183,347"
ILLINOIS,17,,,HAY,"HAY, ALFALFA - PRODUCTION, MEASURED IN TONS",AREA HARVESTED: (250 TO 499 ACRES),"31,051"
ILLINOIS,17,,,HAY,"HAY, ALFALFA - PRODUCTION, MEASURED IN TONS",AREA HARVESTED: (500 TO 999 ACRES),"4,301"
ILLINOIS,17,,,HAY,"HAY, ALFALFA, IRRIGATED - OPERATIONS WITH AREA HARVESTED",,41
ILLINOIS,17,,,HAY,"HAY, ALFALFA, IRRIGATED - OPERATIONS WITH AREA HARVESTED",AREA HARVESTED: (1.0 TO 14.9 ACRES),19
ILLINOIS,17,,,HAY,"HAY, ALFALFA, IRRIGATED - OPERATIONS WITH AREA HARVESTED",AREA HARVESTED: (15.0 TO 24.9 ACRES),5
ILLINOIS,17,,,HAY,"HAY, ALFALFA, IRRIGATED - OPERATIONS WITH AREA HARVESTED",AREA HARVESTED: (25.0 TO 49.9 ACRES),6
ILLINOIS,17,,,HAY,"HAY, ALFALFA, IRRIGATED - OPERATIONS WITH AREA HARVESTED",AREA HARVESTED: (50.0 TO 99.9 ACRES),9
ILLINOIS,17,,,HAY,"HAY, ALFALFA, IRRIGATED - OPERATIONS WITH AREA HARVESTED",AREA HARVESTED: (100 TO 249 ACRES),2
ILLINOIS,17,,,HAY,"HAY, ALFALFA, IRRIGATED - ACRES HARVESTED",,499
ILLINOIS,17,,,HAY,"HAY, ALFALFA, IRRIGATED - ACRES HARVESTED",AREA HARVESTED: (1.0 TO 14.9 ACRES),107
ILLINOIS,17,,,HAY,"HAY, ALFALFA, IRRIGATED - ACRES HARVESTED",AREA HARVESTED: (15.0 TO 24.9 ACRES),61
ILLINOIS,17,,,HAY,"HAY, ALFALFA, IRRIGATED - ACRES HARVESTED",AREA HARVESTED: (25.0 TO 49.9 ACRES),(D)
ILLINOIS,17,,,HAY,"HAY, ALFALFA, IRRIGATED - ACRES HARVESTED",AREA HARVESTED: (50.0 TO 99.9 ACRES),182
ILLINOIS,17,,,HAY,"HAY, ALFALFA, IRRIGATED - ACRES HARVESTED",AREA HARVESTED: (100 TO 249 ACRES),(D)
ILLINOIS,17,,,HAY,"HAY, (EXCL ALFALFA) - OPERATIONS WITH AREA HARVESTED",,"8,601"
ILLINOIS,17,,,HAY,"HAY, (EXCL ALFALFA) - OPERATIONS WITH AREA HARVESTED",AREA HARVESTED: (1.0 TO 14.9 ACRES),"4,009"
ILLINOIS,17,,,HAY,"HAY, (EXCL ALFALFA) - OPERATIONS WITH AREA HARVESTED",AREA HARVESTED: (15.0 TO 24.9 ACRES),"1,648"
ILLINOIS,17,,,HAY,"HAY, (EXCL ALFALFA) - OPERATIONS WITH AREA HARVESTED",AREA HARVESTED: (25.0 TO 49.9 ACRES),"1,566"
ILLINOIS,17,,,HAY,"HAY, (EXCL ALFALFA) - OPERATIONS WITH AREA HARVESTED",AREA HARVESTED: (50.0 TO 99.9 ACRES),889
ILLINOIS,17,,,HAY,"HAY, (EXCL ALFALFA) - OPERATIONS WITH AREA HARVESTED",AREA HARVESTED: (100 TO 249 ACRES),431
ILLINOIS,17,,,HAY,"HAY, (EXCL ALFALFA) - OPERATIONS WITH AREA HARVESTED",AREA HARVESTED: (250 TO 499 ACRES),51
ILLINOIS,17,,,HAY,"HAY, (EXCL ALFALFA) - OPERATIONS WITH AREA HARVESTED",AREA HARVESTED: (500 TO 999 ACRES),6
ILLINOIS,17,,,HAY,"HAY, (EXCL ALFALFA) - OPERATIONS WITH AREA HARVESTED","AREA HARVESTED: (1,000 OR MORE ACRES)",1
ILLINOIS,17,,,HAY,"HAY, (EXCL ALFALFA) - ACRES HARVESTED",,"251,399"
ILLINOIS,17,,,HAY,"HAY, (EXCL ALFALFA) - ACRES HARVESTED",AREA HARVESTED: (1.0 TO 14.9 ACRES),"28,127"
ILLINOIS,17,,,HAY,"HAY, (EXCL ALFALFA) - ACRES HARVESTED",AREA HARVESTED: (15.0 TO 24.9 ACRES),"30,723"
ILLINOIS,17,,,HAY,"HAY, (EXCL ALFALFA) - ACRES HARVESTED",AREA HARVESTED: (25.0 TO 49.9 ACRES),"53,071"
ILLINOIS,17,,,HAY,"HAY, (EXCL ALFALFA) - ACRES HARVESTED",AREA HARVESTED: (50.0 TO 99.9 ACRES),"57,226"
ILLINOIS,17,,,HAY,"HAY, (EXCL ALFALFA) - ACRES HARVESTED",AREA HARVESTED: (100 TO 249 ACRES),"59,010"
ILLINOIS,17,,,HAY,"HAY, (EXCL ALFALFA) - ACRES HARVESTED",AREA HARVESTED: (250 TO 499 ACRES),"17,320"
ILLINOIS,17,,,HAY,"HAY, (EXCL ALFALFA) - ACRES HARVESTED",AREA HARVESTED: (500 TO 999 ACRES),(D)
ILLINOIS,17,,,HAY,"HAY, (EXCL ALFALFA) - ACRES HARVESTED","AREA HARVESTED: (1,000 OR MORE ACRES)",(D)
ILLINOIS,17,,,HAY,"HAY, (EXCL ALFALFA) - PRODUCTION, MEASURED IN TONS",,"528,614"
ILLINOIS,17,,,HAY,"HAY, (EXCL ALFALFA) - PRODUCTION, MEASURED IN TONS",AREA HARVESTED: (1.0 TO 14.9 ACRES),"56,612"
ILLINOIS,17,,,HAY,"HAY, (EXCL ALFALFA) - PRODUCTION, MEASURED IN TONS",AREA HARVESTED: (15.0 TO 24.9 ACRES),"64,285"
ILLINOIS,17,,,HAY,"HAY, (EXCL ALFALFA) - PRODUCTION, MEASURED IN TONS",AREA HARVESTED: (25.0 TO 49.9 ACRES),"113,827"
ILLINOIS,17,,,HAY,"HAY, (EXCL ALFALFA) - PRODUCTION, MEASURED IN TONS",AREA HARVESTED: (50.0 TO 99.9 ACRES),"117,947"
ILLINOIS,17,,,HAY,"HAY, (EXCL ALFALFA) - PRODUCTION, MEASURED IN TONS",AREA HARVESTED: (100 TO 249 ACRES),"129,803"
ILLINOIS,17,,,HAY,"HAY, (EXCL ALFALFA) - PRODUCTION, MEASURED IN TONS",AREA HARVESTED: (250 TO 499 ACRES),"31,266"
ILLINOIS,17,,,HAY,"HAY, (EXCL ALFALFA) - PRODUCTION, MEASURED IN TONS",AREA HARVESTED: (500 TO 999 ACRES),(D)
ILLINOIS,17,,,HAY,"HAY, (EXCL ALFALFA) - PRODUCTION, MEASURED IN TONS","AREA HARVESTED: (1,000 OR MORE ACRES)",(D)
ILLINOIS,17,,,HAY,"HAY, (EXCL ALFALFA), IRRIGATED - OPERATIONS WITH AREA HARVESTED",,27
ILLINOIS,17,,,HAY,"HAY, (EXCL ALFALFA), IRRIGATED - OPERATIONS WITH AREA HARVESTED",AREA HARVESTED: (1.0 TO 14.9 ACRES),9
ILLINOIS,17,,,HAY,"HAY, (EXCL ALFALFA), IRRIGATED - OPERATIONS WITH AREA HARVESTED",AREA HARVESTED: (15.0 TO 24.9 ACRES),7
ILLINOIS,17,,,HAY,"HAY, (EXCL ALFALFA), IRRIGATED - OPERATIONS WITH AREA HARVESTED",AREA HARVESTED: (25.0 TO 49.9 ACRES),7
ILLINOIS,17,,,HAY,"HAY, (EXCL ALFALFA), IRRIGATED - OPERATIONS WITH AREA HARVESTED",AREA HARVESTED: (50.0 TO 99.9 ACRES),3
ILLINOIS,17,,,HAY,"HAY, (EXCL ALFALFA), IRRIGATED - OPERATIONS WITH AREA HARVESTED",AREA HARVESTED: (100 TO 249 ACRES),1
ILLINOIS,17,,,HAY,"HAY, (EXCL ALFALFA), IRRIGATED - ACRES HARVESTED",,618
ILLINOIS,17,,,HAY,"HAY, (EXCL ALFALFA), IRRIGATED - ACRES HARVESTED",AREA HARVESTED: (1.0 TO 14.9 ACRES),(D)
ILLINOIS,17,,,HAY,"HAY, (EXCL ALFALFA), IRRIGATED - ACRES HARVESTED",AREA HARVESTED: (15.0 TO 24.9 ACRES),124
ILLINOIS,17,,,HAY,"HAY, (EXCL ALFALFA), IRRIGATED - ACRES HARVESTED",AREA HARVESTED: (25.0 TO 49.9 ACRES),171
ILLINOIS,17,,,HAY,"HAY, (EXCL ALFALFA), IRRIGATED - ACRES HARVESTED",AREA HARVESTED: (50.0 TO 99.9 ACRES),190
ILLINOIS,17,,,HAY,"HAY, (EXCL ALFALFA), IRRIGATED - ACRES HARVESTED",AREA HARVESTED: (100 TO 249 ACRES),(D)
ILLINOIS,17,,,HAYLAGE,HAYLAGE - OPERATIONS WITH AREA HARVESTED,,"2,228"
ILLINOIS,17,,,HAYLAGE,HAYLAGE - OPERATIONS WITH AREA HARVESTED,AREA HARVESTED: (1.0 TO 14.9 ACRES),"1,046"
ILLINOIS,17,,,HAYLAGE,HAYLAGE - OPERATIONS WITH AREA HARVESTED,AREA HARVESTED: (15.0 TO 24.9 ACRES),391
ILLINOIS,17,,,HAYLAGE,HAYLAGE - OPERATIONS WITH AREA HARVESTED,AREA HARVESTED: (25.0 TO 49.9 ACRES),394
ILLINOIS,17,,,HAYLAGE,HAYLAGE - OPERATIONS WITH AREA HARVESTED,AREA HARVESTED: (50.0 TO 99.9 ACRES),273
ILLINOIS,17,,,HAYLAGE,HAYLAGE - OPERATIONS WITH AREA HARVESTED,AREA HARVESTED: (100 TO 249 ACRES),105
ILLINOIS,17,,,HAYLAGE,HAYLAGE - OPERATIONS WITH AREA HARVESTED,AREA HARVESTED: (250 TO 499 ACRES),18
ILLINOIS,17,,,HAYLAGE,HAYLAGE - OPERATIONS WITH AREA HARVESTED,AREA HARVESTED: (500 TO 999 ACRES),1
ILLINOIS,17,,,HAYLAGE,HAYLAGE - ACRES HARVESTED,,"66,782"
ILLINOIS,17,,,HAYLAGE,HAYLAGE - ACRES HARVESTED,AREA HARVESTED: (1.0 TO 14.9 ACRES),(D)
ILLINOIS,17,,,HAYLAGE,HAYLAGE - ACRES HARVESTED,AREA HARVESTED: (15.0 TO 24.9 ACRES),"7,326"
ILLINOIS,17,,,HAYLAGE,HAYLAGE - ACRES HARVESTED,AREA HARVESTED: (25.0 TO 49.9 ACRES),"13,357"
ILLINOIS,17,,,HAYLAGE,HAYLAGE - ACRES HARVESTED,AREA HARVESTED: (50.0 TO 99.9 ACRES),"17,847"
ILLINOIS,17,,,HAYLAGE,HAYLAGE - ACRES HARVESTED,AREA HARVESTED: (100 TO 249 ACRES),"14,727"
ILLINOIS,17,,,HAYLAGE,HAYLAGE - ACRES HARVESTED,AREA HARVESTED: (250 TO 499 ACRES),"5,698"
ILLINOIS,17,,,HAYLAGE,HAYLAGE - ACRES HARVESTED,AREA HARVESTED: (500 TO 999 ACRES),(D)
ILLINOIS,17,,,HAYLAGE,"HAYLAGE - PRODUCTION, MEASURED IN TONS",,"394,340"
ILLINOIS,17,,,HAYLAGE,"HAYLAGE - PRODUCTION, MEASURED IN TONS",AREA HARVESTED: (1.0 TO 14.9 ACRES),(D)
ILLINOIS,17,,,HAYLAGE,"HAYLAGE - PRODUCTION, MEASURED IN TONS",AREA HARVESTED: (15.0 TO 24.9 ACRES),"38,262"
ILLINOIS,17,,,HAYLAGE,"HAYLAGE - PRODUCTION, MEASURED IN TONS",AREA HARVESTED: (25.0 TO 49.9 ACRES),"75,524"
ILLINOIS,17,,,HAYLAGE,"HAYLAGE - PRODUCTION, MEASURED IN TONS",AREA HARVESTED: (50.0 TO 99.9 ACRES),"111,945"
ILLINOIS,17,,,HAYLAGE,"HAYLAGE - PRODUCTION, MEASURED IN TONS",AREA HARVESTED: (100 TO 249 ACRES),"94,335"
ILLINOIS,17,,,HAYLAGE,"HAYLAGE - PRODUCTION, MEASURED IN TONS",AREA HARVESTED: (250 TO 499 ACRES),"35,192"
ILLINOIS,17,,,HAYLAGE,"HAYLAGE - PRODUCTION, MEASURED IN TONS",AREA HARVESTED: (500 TO 999 ACRES),(D)
ILLINOIS,17,,,HAYLAGE,"HAYLAGE, IRRIGATED - OPERATIONS WITH AREA HARVESTED",,5
ILLINOIS,17,,,HAYLAGE,"HAYLAGE, IRRIGATED - OPERATIONS WITH AREA HARVESTED",AREA HARVESTED: (25.0 TO 49.9 ACRES),2
ILLINOIS,17,,,HAYLAGE,"HAYLAGE, IRRIGATED - OPERATIONS WITH AREA HARVESTED",AREA HARVESTED: (50.0 TO 99.9 ACRES),2
ILLINOIS,17,,,HAYLAGE,"HAYLAGE, IRRIGATED - OPERATIONS WITH AREA HARVESTED",AREA HARVESTED: (100 TO 249 ACRES),1
ILLINOIS,17,,,HAYLAGE,"HAYLAGE, IRRIGATED - ACRES HARVESTED",,249
ILLINOIS,17,,,HAYLAGE,"HAYLAGE, IRRIGATED - ACRES HARVESTED",AREA HARVESTED: (25.0 TO 49.9 ACRES),(D)
ILLINOIS,17,,,HAYLAGE,"HAYLAGE, IRRIGATED - ACRES HARVESTED",AREA HARVESTED: (50.0 TO 99.9 ACRES),(D)
ILLINOIS,17,,,HAYLAGE,"HAYLAGE, IRRIGATED - ACRES HARVESTED",AREA HARVESTED: (100 TO 249 ACRES),(D)
ILLINOIS,17,,,HAYLAGE,"HAYLAGE, ALFALFA - OPERATIONS WITH AREA HARVESTED",,751
ILLINOIS,17,,,HAYLAGE,"HAYLAGE, ALFALFA - OPERATIONS WITH AREA HARVESTED",AREA HARVESTED: (1.0 TO 14.9 ACRES),249
ILLINOIS,17,,,HAYLAGE,"HAYLAGE, ALFALFA - OPERATIONS WITH AREA HARVESTED",AREA HARVESTED: (15.0 TO 24.9 ACRES),111
ILLINOIS,17,,,HAYLAGE,"HAYLAGE, ALFALFA - OPERATIONS WITH AREA HARVESTED",AREA HARVESTED: (25.0 TO 49.9 ACRES),161
ILLINOIS,17,,,HAYLAGE,"HAYLAGE, ALFALFA - OPERATIONS WITH AREA HARVESTED",AREA HARVESTED: (50.0 TO 99.9 ACRES),145
ILLINOIS,17,,,HAYLAGE,"HAYLAGE, ALFALFA - OPERATIONS WITH AREA HARVESTED",AREA HARVESTED: (100 TO 249 ACRES),70
ILLINOIS,17,,,HAYLAGE,"HAYLAGE, ALFALFA - OPERATIONS WITH AREA HARVESTED",AREA HARVESTED: (250 TO 499 ACRES),14
ILLINOIS,17,,,HAYLAGE,"HAYLAGE, ALFALFA - OPERATIONS WITH AREA HARVESTED",AREA HARVESTED: (500 TO 999 ACRES),1
ILLINOIS,17,,,HAYLAGE,"HAYLAGE, ALFALFA - ACRES HARVESTED",,"32,995"
ILLINOIS,17,,,HAYLAGE,"HAYLAGE, ALFALFA - ACRES HARVESTED",AREA HARVESTED: (1.0 TO 14.9 ACRES),(D)
ILLINOIS,17,,,HAYLAGE,"HAYLAGE, ALFALFA - ACRES HARVESTED",AREA HARVESTED: (15.0 TO 24.9 ACRES),"2,108"
ILLINOIS,17,,,HAYLAGE,"HAYLAGE, ALFALFA - ACRES HARVESTED",AREA HARVESTED: (25.0 TO 49.9 ACRES),"5,464"
ILLINOIS,17,,,HAYLAGE,"HAYLAGE, ALFALFA - ACRES HARVESTED",AREA HARVESTED: (50.0 TO 99.9 ACRES),"9,242"
ILLINOIS,17,,,HAYLAGE,"HAYLAGE, ALFALFA - ACRES HARVESTED",AREA HARVESTED: (100 TO 249 ACRES),"9,460"
ILLINOIS,17,,,HAYLAGE,"HAYLAGE, ALFALFA - ACRES HARVESTED",AREA HARVESTED: (250 TO 499 ACRES),"4,454"
ILLINOIS,17,,,HAYLAGE,"HAYLAGE, ALFALFA - ACRES HARVESTED",AREA HARVESTED: (500 TO 999 ACRES),(D)
ILLINOIS,17,,,HAYLAGE,"HAYLAGE, ALFALFA - PRODUCTION, MEASURED IN TONS",,"233,658"
ILLINOIS,17,,,HAYLAGE,"HAYLAGE, ALFALFA - PRODUCTION, MEASURED IN TONS",AREA HARVESTED: (1.0 TO 14.9 ACRES),(D)
ILLINOIS,17,,,HAYLAGE,"HAYLAGE, ALFALFA - PRODUCTION, MEASURED IN TONS",AREA HARVESTED: (15.0 TO 24.9 ACRES),"11,289"
ILLINOIS,17,,,HAYLAGE,"HAYLAGE, ALFALFA - PRODUCTION, MEASURED IN TONS",AREA HARVESTED: (25.0 TO 49.9 ACRES),"38,323"
ILLINOIS,17,,,HAYLAGE,"HAYLAGE, ALFALFA - PRODUCTION, MEASURED IN TONS",AREA HARVESTED: (50.0 TO 99.9 ACRES),"69,596"
ILLINOIS,17,,,HAYLAGE,"HAYLAGE, ALFALFA - PRODUCTION, MEASURED IN TONS",AREA HARVESTED: (100 TO 249 ACRES),"67,360"
ILLINOIS,17,,,HAYLAGE,"HAYLAGE, ALFALFA - PRODUCTION, MEASURED IN TONS",AREA HARVESTED: (250 TO 499 ACRES),"29,892"
ILLINOIS,17,,,HAYLAGE,"HAYLAGE, ALFALFA - PRODUCTION, MEASURED IN TONS",AREA HARVESTED: (500 TO 999 ACRES),(D)
ILLINOIS,17,,,HAYLAGE,"HAYLAGE, ALFALFA, IRRIGATED - OPERATIONS WITH AREA HARVESTED",,4
ILLINOIS,17,,,HAYLAGE,"HAYLAGE, ALFALFA, IRRIGATED - OPERATIONS WITH AREA HARVESTED",AREA HARVESTED: (25.0 TO 49.9 ACRES),1
ILLINOIS,17,,,HAYLAGE,"HAYLAGE, ALFALFA, IRRIGATED - OPERATIONS WITH AREA HARVESTED",AREA HARVESTED: (50.0 TO 99.9 ACRES),2
ILLINOIS,17,,,HAYLAGE,"HAYLAGE, ALFALFA, IRRIGATED - OPERATIONS WITH AREA HARVESTED",AREA HARVESTED: (100 TO 249 ACRES),1
ILLINOIS,17,,,HAYLAGE,"HAYLAGE, ALFALFA, IRRIGATED - ACRES HARVESTED",,(D)
ILLINOIS,17,,,HAYLAGE,"HAYLAGE, ALFALFA, IRRIGATED - ACRES HARVESTED",AREA HARVESTED: (25.0 TO 49.9 ACRES),(D)
ILLINOIS,17,,,HAYLAGE,"HAYLAGE, ALFALFA, IRRIGATED - ACRES HARVESTED",AREA HARVESTED: (50.0 TO 99.9 ACRES),(D)
ILLINOIS,17,,,HAYLAGE,"HAYLAGE, ALFALFA, IRRIGATED - ACRES HARVESTED",AREA HARVESTED: (100 TO 249 ACRES),(D)
ILLINOIS,17,,,HAYLAGE,"HAYLAGE, (EXCL ALFALFA) - OPERATIONS WITH AREA HARVESTED",,"1,578"
ILLINOIS,17,,,HAYLAGE,"HAYLAGE, (EXCL ALFALFA) - OPERATIONS WITH AREA HARVESTED",AREA HARVESTED: (1.0 TO 14.9 ACRES),856
ILLINOIS,17,,,HAYLAGE,"HAYLAGE, (EXCL ALFALFA) - OPERATIONS WITH AREA HARVESTED",AREA HARVESTED: (15.0 TO 24.9 ACRES),312
ILLINOIS,17,,,HAYLAGE,"HAYLAGE, (EXCL ALFALFA) - OPERATIONS WITH AREA HARVESTED",AREA HARVESTED: (25.0 TO 49.9 ACRES),249
ILLINOIS,17,,,HAYLAGE,"HAYLAGE, (EXCL ALFALFA) - OPERATIONS WITH AREA HARVESTED",AREA HARVESTED: (50.0 TO 99.9 ACRES),131
ILLINOIS,17,,,HAYLAGE,"HAYLAGE, (EXCL ALFALFA) - OPERATIONS WITH AREA HARVESTED",AREA HARVESTED: (100 TO 249 ACRES),28
ILLINOIS,17,,,HAYLAGE,"HAYLAGE, (EXCL ALFALFA) - OPERATIONS WITH AREA HARVESTED",AREA HARVESTED: (250 TO 499 ACRES),2
ILLINOIS,17,,,HAYLAGE,"HAYLAGE, (EXCL ALFALFA) - ACRES HARVESTED",,"33,787"
ILLINOIS,17,,,HAYLAGE,"HAYLAGE, (EXCL ALFALFA) - ACRES HARVESTED",AREA HARVESTED: (1.0 TO 14.9 ACRES),"5,891"
ILLINOIS,17,,,HAYLAGE,"HAYLAGE, (EXCL ALFALFA) - ACRES HARVESTED",AREA HARVESTED: (15.0 TO 24.9 ACRES),"5,876"
ILLINOIS,17,,,HAYLAGE,"HAYLAGE, (EXCL ALFALFA) - ACRES HARVESTED",AREA HARVESTED: (25.0 TO 49.9 ACRES),"8,435"
ILLINOIS,17,,,HAYLAGE,"HAYLAGE, (EXCL ALFALFA) - ACRES HARVESTED",AREA HARVESTED: (50.0 TO 99.9 ACRES),"8,382"
ILLINOIS,17,,,HAYLAGE,"HAYLAGE, (EXCL ALFALFA) - ACRES HARVESTED",AREA HARVESTED: (100 TO 249 ACRES),(D)
ILLINOIS,17,,,HAYLAGE,"HAYLAGE, (EXCL ALFALFA) - ACRES HARVESTED",AREA HARVESTED: (250 TO 499 ACRES),(D)
ILLINOIS,17,,,HAYLAGE,"HAYLAGE, (EXCL ALFALFA) - PRODUCTION, MEASURED IN TONS",,"160,682"
ILLINOIS,17,,,HAYLAGE,"HAYLAGE, (EXCL ALFALFA) - PRODUCTION, MEASURED IN TONS",AREA HARVESTED: (1.0 TO 14.9 ACRES),"23,622"
ILLINOIS,17,,,HAYLAGE,"HAYLAGE, (EXCL ALFALFA) - PRODUCTION, MEASURED IN TONS",AREA HARVESTED: (15.0 TO 24.9 ACRES),"32,178"
ILLINOIS,17,,,HAYLAGE,"HAYLAGE, (EXCL ALFALFA) - PRODUCTION, MEASURED IN TONS",AREA HARVESTED: (25.0 TO 49.9 ACRES),"42,791"
ILLINOIS,17,,,HAYLAGE,"HAYLAGE, (EXCL ALFALFA) - PRODUCTION, MEASURED IN TONS",AREA HARVESTED: (50.0 TO 99.9 ACRES),"40,607"
ILLINOIS,17,,,HAYLAGE,"HAYLAGE, (EXCL ALFALFA) - PRODUCTION, MEASURED IN TONS",AREA HARVESTED: (100 TO 249 ACRES),(D)
ILLINOIS,17,,,HAYLAGE,"HAYLAGE, (EXCL ALFALFA) - PRODUCTION, MEASURED IN TONS",AREA HARVESTED: (250 TO 499 ACRES),(D)
ILLINOIS,17,,,HAYLAGE,"HAYLAGE, (EXCL ALFALFA), IRRIGATED - OPERATIONS WITH AREA HARVESTED",,1
ILLINOIS,17,,,HAYLAGE,"HAYLAGE, (EXCL ALFALFA), IRRIGATED - OPERATIONS WITH AREA HARVESTED",AREA HARVESTED: (25.0 TO 49.9 ACRES),1
ILLINOIS,17,,,HAYLAGE,"HAYLAGE, (EXCL ALFALFA), IRRIGATED - ACRES HARVESTED",,(D)
ILLINOIS,17,,,HAYLAGE,"HAYLAGE, (EXCL ALFALFA), IRRIGATED - ACRES HARVESTED",AREA HARVESTED: (25.0 TO 49.9 ACRES),(D)
ILLINOIS,17,,,VEGETABLE TOTALS,"VEGETABLE TOTALS, IN THE OPEN - OPERATIONS WITH AREA IN PRODUCTION",,"1,504"
ILLINOIS,17,,,VEGETABLE TOTALS,"VEGETABLE TOTALS, IN THE OPEN - OPERATIONS WITH AREA IN PRODUCTION",AREA IN PRODUCTION: (0.1 TO 0.9 ACRES),400
ILLINOIS,17,,,VEGETABLE TOTALS,"VEGETABLE TOTALS, IN THE OPEN - OPERATIONS WITH AREA IN PRODUCTION",AREA IN PRODUCTION: (1.0 TO 4.9 ACRES),539
ILLINOIS,17,,,VEGETABLE TOTALS,"VEGETABLE TOTALS, IN THE OPEN - OPERATIONS WITH AREA IN PRODUCTION",AREA IN PRODUCTION: (5.0 TO 14.9 ACRES),185
ILLINOIS,17,,,VEGETABLE TOTALS,"VEGETABLE TOTALS, IN THE OPEN - OPERATIONS WITH AREA IN PRODUCTION",AREA IN PRODUCTION: (15.0 TO 24.9 ACRES),53
ILLINOIS,17,,,VEGETABLE TOTALS,"VEGETABLE TOTALS, IN THE OPEN - OPERATIONS WITH AREA IN PRODUCTION",AREA IN PRODUCTION: (25.0 TO 49.9 ACRES),86
ILLINOIS,17,,,VEGETABLE TOTALS,"VEGETABLE TOTALS, IN THE OPEN - OPERATIONS WITH AREA IN PRODUCTION",AREA IN PRODUCTION: (50.0 TO 99.9 ACRES),96
ILLINOIS,17,,,VEGETABLE TOTALS,"VEGETABLE TOTALS, IN THE OPEN - OPERATIONS WITH AREA IN PRODUCTION",AREA IN PRODUCTION: (100 TO 249 ACRES),87
ILLINOIS,17,,,VEGETABLE TOTALS,"VEGETABLE TOTALS, IN THE OPEN - OPERATIONS WITH AREA IN PRODUCTION",AREA IN PRODUCTION: (250 TO 499 ACRES),44
ILLINOIS,17,,,VEGETABLE TOTALS,"VEGETABLE TOTALS, IN THE OPEN - OPERATIONS WITH AREA IN PRODUCTION",AREA IN PRODUCTION: (500 TO 749 ACRES),7
ILLINOIS,17,,,VEGETABLE TOTALS,"VEGETABLE TOTALS, IN THE OPEN - OPERATIONS WITH AREA IN PRODUCTION",AREA IN PRODUCTION: (750 TO 999 ACRES),1
ILLINOIS,17,,,VEGETABLE TOTALS,"VEGETABLE TOTALS, IN THE OPEN - OPERATIONS WITH AREA IN PRODUCTION","AREA IN PRODUCTION: (1,000 OR MORE ACRES)",6
ILLINOIS,17,,,VEGETABLE TOTALS,"VEGETABLE TOTALS, IN THE OPEN - ACRES IN PRODUCTION",,"58,090"
ILLINOIS,17,,,VEGETABLE TOTALS,"VEGETABLE TOTALS, IN THE OPEN - ACRES IN PRODUCTION",AREA IN PRODUCTION: (0.1 TO 0.9 ACRES),(D)
ILLINOIS,17,,,VEGETABLE TOTALS,"VEGETABLE TOTALS, IN THE OPEN - ACRES IN PRODUCTION",AREA IN PRODUCTION: (1.0 TO 4.9 ACRES),"1,016"
ILLINOIS,17,,,VEGETABLE TOTALS,"VEGETABLE TOTALS, IN THE OPEN - ACRES IN PRODUCTION",AREA IN PRODUCTION: (5.0 TO 14.9 ACRES),"1,561"
ILLINOIS,17,,,VEGETABLE TOTALS,"VEGETABLE TOTALS, IN THE OPEN - ACRES IN PRODUCTION",AREA IN PRODUCTION: (15.0 TO 24.9 ACRES),"1,008"
ILLINOIS,17,,,VEGETABLE TOTALS,"VEGETABLE TOTALS, IN THE OPEN - ACRES IN PRODUCTION",AREA IN PRODUCTION: (25.0 TO 49.9 ACRES),"3,043"
ILLINOIS,17,,,VEGETABLE TOTALS,"VEGETABLE TOTALS, IN THE OPEN - ACRES IN PRODUCTION",AREA IN PRODUCTION: (50.0 TO 99.9 ACRES),"6,850"
ILLINOIS,17,,,VEGETABLE TOTALS,"VEGETABLE TOTALS, IN THE OPEN - ACRES IN PRODUCTION",AREA IN PRODUCTION: (100 TO 249 ACRES),"13,289"
ILLINOIS,17,,,VEGETABLE TOTALS,"VEGETABLE TOTALS, IN THE OPEN - ACRES IN PRODUCTION",AREA IN PRODUCTION: (250 TO 499 ACRES),"14,599"
ILLINOIS,17,,,VEGETABLE TOTALS,"VEGETABLE TOTALS, IN THE OPEN - ACRES IN PRODUCTION",AREA IN PRODUCTION: (500 TO 749 ACRES),"4,363"
ILLINOIS,17,,,VEGETABLE TOTALS,"VEGETABLE TOTALS, IN THE OPEN - ACRES IN PRODUCTION",AREA IN PRODUCTION: (750 TO 999 ACRES),(D)
ILLINOIS,17,,,VEGETABLE TOTALS,"VEGETABLE TOTALS, IN THE OPEN - ACRES IN PRODUCTION","AREA IN PRODUCTION: (1,000 OR MORE ACRES)","11,208"
ILLINOIS,17,,,VEGETABLE TOTALS,"VEGETABLE TOTALS, IN THE OPEN, IRRIGATED - OPERATIONS WITH AREA IN PRODUCTION",,468
ILLINOIS,17,,,VEGETABLE TOTALS,"VEGETABLE TOTALS, IN THE OPEN, IRRIGATED - OPERATIONS WITH AREA IN PRODUCTION",AREA IN PRODUCTION: (0.1 TO 0.9 ACRES),125
ILLINOIS,17,,,VEGETABLE TOTALS,"VEGETABLE TOTALS, IN THE OPEN, IRRIGATED - OPERATIONS WITH AREA IN PRODUCTION",AREA IN PRODUCTION: (1.0 TO 4.9 ACRES),153
ILLINOIS,17,,,VEGETABLE TOTALS,"VEGETABLE TOTALS, IN THE OPEN, IRRIGATED - OPERATIONS WITH AREA IN PRODUCTION",AREA IN PRODUCTION: (5.0 TO 14.9 ACRES),58
ILLINOIS,17,,,VEGETABLE TOTALS,"VEGETABLE TOTALS, IN THE OPEN, IRRIGATED - OPERATIONS WITH AREA IN PRODUCTION",AREA IN PRODUCTION: (15.0 TO 24.9 ACRES),17
ILLINOIS,17,,,VEGETABLE TOTALS,"VEGETABLE TOTALS, IN THE OPEN, IRRIGATED - OPERATIONS WITH AREA IN PRODUCTION",AREA IN PRODUCTION: (25.0 TO 49.9 ACRES),23
ILLINOIS,17,,,VEGETABLE TOTALS,"VEGETABLE TOTALS, IN THE OPEN, IRRIGATED - OPERATIONS WITH AREA IN PRODUCTION",AREA IN PRODUCTION: (50.0 TO 99.9 ACRES),26
ILLINOIS,17,,,VEGETABLE TOTALS,"VEGETABLE TOTALS, IN THE OPEN, IRRIGATED - OPERATIONS WITH AREA IN PRODUCTION",AREA IN PRODUCTION: (100 TO 249 ACRES),32
ILLINOIS,17,,,VEGETABLE TOTALS,"VEGETABLE TOTALS, IN THE OPEN, IRRIGATED - OPERATIONS WITH AREA IN PRODUCTION",AREA IN PRODUCTION: (250 TO 499 ACRES),24
ILLINOIS,17,,,VEGETABLE TOTALS,"VEGETABLE TOTALS, IN THE OPEN, IRRIGATED - OPERATIONS WITH AREA IN PRODUCTION",AREA IN PRODUCTION: (500 TO 749 ACRES),5
ILLINOIS,17,,,VEGETABLE TOTALS,"VEGETABLE TOTALS, IN THE OPEN, IRRIGATED - OPERATIONS WITH AREA IN PRODUCTION","AREA IN PRODUCTION: (1,000 OR MORE ACRES)",5
ILLINOIS,17,,,VEGETABLE TOTALS,"VEGETABLE TOTALS, IN THE OPEN, IRRIGATED - ACRES IN PRODUCTION",,"26,213"
ILLINOIS,17,,,VEGETABLE TOTALS,"VEGETABLE TOTALS, IN THE OPEN, IRRIGATED - ACRES IN PRODUCTION",AREA IN PRODUCTION: (0.1 TO 0.9 ACRES),53
ILLINOIS,17,,,VEGETABLE TOTALS,"VEGETABLE TOTALS, IN THE OPEN, IRRIGATED - ACRES IN PRODUCTION",AREA IN PRODUCTION: (1.0 TO 4.9 ACRES),255
ILLINOIS,17,,,VEGETABLE TOTALS,"VEGETABLE TOTALS, IN THE OPEN, IRRIGATED - ACRES IN PRODUCTION",AREA IN PRODUCTION: (5.0 TO 14.9 ACRES),319
ILLINOIS,17,,,VEGETABLE TOTALS,"VEGETABLE TOTALS, IN THE OPEN, IRRIGATED - ACRES IN PRODUCTION",AREA IN PRODUCTION: (15.0 TO 24.9 ACRES),285
ILLINOIS,17,,,VEGETABLE TOTALS,"VEGETABLE TOTALS, IN THE OPEN, IRRIGATED - ACRES IN PRODUCTION",AREA IN PRODUCTION: (25.0 TO 49.9 ACRES),757
ILLINOIS,17,,,VEGETABLE TOTALS,"VEGETABLE TOTALS, IN THE OPEN, IRRIGATED - ACRES IN PRODUCTION",AREA IN PRODUCTION: (50.0 TO 99.9 ACRES),"1,987"
ILLINOIS,17,,,VEGETABLE TOTALS,"VEGETABLE TOTALS, IN THE OPEN, IRRIGATED - ACRES IN PRODUCTION",AREA IN PRODUCTION: (100 TO 249 ACRES),"4,341"
ILLINOIS,17,,,VEGETABLE TOTALS,"VEGETABLE TOTALS, IN THE OPEN, IRRIGATED - ACRES IN PRODUCTION",AREA IN PRODUCTION: (250 TO 499 ACRES),"6,966"
ILLINOIS,17,,,VEGETABLE TOTALS,"VEGETABLE TOTALS, IN THE OPEN, IRRIGATED - ACRES IN PRODUCTION",AREA IN PRODUCTION: (500 TO 749 ACRES),(D)
ILLINOIS,17,,,VEGETABLE TOTALS,"VEGETABLE TOTALS, IN THE OPEN, IRRIGATED - ACRES IN PRODUCTION","AREA IN PRODUCTION: (1,000 OR MORE ACRES)",(D)
ILLINOIS,17,,,ORCHARDS,ORCHARDS - OPERATIONS WITH AREA BEARING & NON-BEARING,,992
ILLINOIS,17,,,ORCHARDS,ORCHARDS - ACRES BEARING & NON-BEARING,,"5,564"
ILLINOIS,17,,,ORCHARDS,"ORCHARDS, IRRIGATED - OPERATIONS WITH AREA BEARING & NON-BEARING",,89
ILLINOIS,17,,,ORCHARDS,"ORCHARDS, IRRIGATED - ACRES BEARING & NON-BEARING",,437
ILLINOIS,17,,,BERRY TOTALS,BERRY TOTALS - OPERATIONS WITH AREA GROWN,,521
ILLINOIS,17,,,BERRY TOTALS,BERRY TOTALS - ACRES GROWN,,769
ILLINOIS,17,,,BERRY TOTALS,"BERRY TOTALS, IRRIGATED - OPERATIONS WITH AREA GROWN",,137
ILLINOIS,17,,,BERRY TOTALS,"BERRY TOTALS, IRRIGATED - ACRES GROWN",,256